withdrawal_id,user_id,withdrawal_ts,amount,status
1,2807,2024-12-04 06:48:24,50,completed
2,2025,2024-10-26 19:12:35,50,completed
3,226,2023-12-30 13:36:08,50,completed
4,1871,2024-09-07 21:27:56,500,completed
5,4329,2025-01-06 23:45:30,50,completed
6,4939,2024-05-01 21:11:08,1000,completed
7,834,2024-08-26 00:02:50,200,pending
8,1440,2024-08-29 23:27:35,50,completed
9,4788,2024-09-10 08:15:14,2000,failed
10,2608,2024-09-02 05:29:36,200,completed
11,718,2024-05-22 08:10:52,1000,completed
12,1316,2025-01-10 08:33:53,1000,pending
13,3553,2024-10-13 07:41:59,50,completed
14,611,2024-11-24 11:49:38,2000,failed
15,630,2024-04-28 09:39:07,200,completed
16,4076,2024-07-21 13:09:43,100,completed
17,267,2025-01-10 07:49:15,1000,completed
18,3141,2024-06-05 08:36:54,2000,failed
19,4254,2024-12-09 04:48:49,1000,completed
20,3790,2024-04-09 05:50:34,200,completed
21,708,2025-01-27 05:47:44,2000,completed
22,1339,2024-09-12 14:30:40,100,pending
23,231,2024-11-01 06:49:48,2000,completed
24,2984,2024-12-05 13:44:44,500,completed
25,4765,2024-09-23 05:56:10,2000,completed
26,3346,2024-11-29 08:11:20,100,completed
27,547,2024-07-02 11:51:14,500,pending
28,432,2024-07-31 00:15:34,500,completed
29,2727,2024-11-27 20:48:05,200,completed
30,1402,2024-09-21 04:43:22,100,failed
31,1645,2024-07-30 14:00:02,500,completed
32,1965,2024-05-19 05:12:26,100,completed
33,120,2024-03-11 05:28:24,2000,completed
34,3739,2024-03-26 00:46:24,200,completed
35,3039,2024-01-06 22:27:47,1000,completed
36,4458,2024-06-01 22:20:50,200,completed
37,156,2024-11-27 22:36:38,500,completed
38,565,2024-10-19 20:23:01,2000,completed
39,2240,2024-06-29 23:37:12,200,pending
40,1651,2024-08-16 07:36:35,1000,completed
41,2542,2024-10-18 17:52:31,200,pending
42,1631,2024-10-24 14:11:10,100,pending
43,879,2024-04-13 23:12:36,2000,completed
44,33,2025-01-30 10:12:02,100,pending
45,3992,2024-12-01 17:29:05,200,completed
46,1161,2024-08-18 11:04:19,2000,completed
47,2173,2024-09-11 04:57:22,100,completed
48,815,2024-09-19 12:47:25,200,completed
49,1072,2024-08-25 10:20:46,100,completed
50,2361,2024-11-22 20:22:22,2000,completed
51,208,2025-01-25 05:44:09,500,completed
52,260,2024-04-21 12:49:05,200,completed
53,2022,2024-07-23 02:06:33,1000,completed
54,2814,2024-09-02 13:18:01,200,completed
55,3317,2025-01-19 22:50:12,500,completed
56,1897,2025-01-16 10:36:16,50,failed
57,2992,2024-06-29 13:46:29,50,completed
58,3695,2024-12-02 18:08:15,2000,failed
59,1002,2024-09-22 19:48:34,200,completed
60,4371,2024-12-11 04:48:54,500,completed
61,885,2024-02-26 07:34:36,100,pending
62,581,2024-09-14 23:18:52,100,completed
63,2768,2024-08-23 13:37:55,1000,failed
64,2705,2024-07-07 23:04:43,100,completed
65,4968,2024-06-25 16:32:46,500,pending
66,3699,2024-10-09 20:49:11,50,completed
67,3053,2024-10-29 06:33:25,500,completed
68,1865,2024-04-16 11:28:11,200,pending
69,2928,2024-12-27 20:02:22,500,failed
70,2766,2024-12-01 16:05:17,100,completed
71,745,2024-09-07 03:34:22,1000,completed
72,2713,2024-03-27 07:08:54,100,completed
73,1779,2024-05-28 09:10:39,200,pending
74,3475,2024-09-04 10:15:31,200,completed
75,706,2024-06-14 05:46:26,2000,completed
76,2204,2024-04-03 22:25:04,100,completed
77,4393,2024-06-22 05:15:45,1000,completed
78,58,2024-09-26 06:49:00,2000,completed
79,1300,2024-01-16 14:09:59,200,completed
80,893,2024-09-03 02:57:01,200,completed
81,2704,2024-09-14 04:56:09,2000,completed
82,770,2024-11-06 21:20:54,1000,completed
83,3671,2024-12-27 23:33:03,500,completed
84,1160,2025-01-28 21:42:26,200,failed
85,213,2024-11-12 14:08:30,100,completed
86,406,2024-04-20 16:58:37,200,pending
87,3673,2024-11-23 11:05:33,50,completed
88,3618,2024-06-25 09:20:04,2000,failed
89,792,2024-10-03 14:22:04,500,completed
90,450,2024-02-07 01:09:15,1000,completed
91,780,2024-11-22 02:19:46,500,completed
92,4906,2024-08-12 07:07:33,1000,completed
93,3860,2024-10-09 10:11:10,50,completed
94,3556,2024-09-09 14:30:15,200,completed
95,594,2024-04-25 04:28:00,200,completed
96,117,2024-11-29 05:21:39,100,completed
97,2233,2024-08-17 10:34:21,50,completed
98,1713,2024-05-27 22:21:22,2000,failed
99,4107,2024-10-08 08:18:25,1000,completed
100,473,2024-12-03 19:17:45,50,completed
101,4219,2024-09-12 06:15:25,500,completed
102,2738,2024-09-16 12:14:03,100,pending
103,3727,2024-07-14 04:11:26,100,completed
104,3725,2025-01-13 17:19:57,2000,pending
105,900,2024-07-08 14:44:53,100,completed
106,3469,2024-12-17 11:40:21,50,pending
107,4663,2024-07-23 16:00:31,500,completed
108,3728,2024-11-15 14:19:23,200,completed
109,4417,2024-05-03 12:20:09,50,completed
110,1467,2024-06-28 22:00:07,200,completed
111,3186,2024-11-03 21:56:23,50,completed
112,3214,2024-07-28 21:33:31,200,completed
113,2148,2024-02-01 20:35:22,500,pending
114,741,2024-10-21 23:36:36,100,pending
115,1919,2024-05-08 02:52:14,50,completed
116,2673,2024-12-27 23:24:34,200,completed
117,2692,2024-03-03 05:47:49,1000,completed
118,4215,2024-12-13 19:43:17,200,completed
119,2013,2024-07-29 11:48:37,500,completed
120,2234,2024-12-07 04:10:40,1000,completed
121,1820,2024-07-23 20:55:00,500,pending
122,3223,2024-11-19 02:20:29,100,completed
123,1227,2024-12-24 01:46:51,2000,completed
124,1335,2024-03-03 22:13:33,50,completed
125,54,2024-08-30 12:31:47,50,completed
126,398,2024-10-04 02:48:59,1000,failed
127,3044,2024-10-15 13:02:52,100,completed
128,3566,2023-11-24 19:33:04,100,failed
129,2714,2024-11-20 16:36:03,100,completed
130,2428,2025-01-21 03:38:50,50,completed
131,3178,2025-01-11 09:04:17,1000,pending
132,4702,2024-09-08 04:17:15,2000,failed
133,987,2024-07-15 05:21:04,500,completed
134,4821,2024-11-16 08:48:39,1000,pending
135,2103,2024-02-02 02:47:43,500,completed
136,2470,2024-10-11 13:43:24,500,completed
137,278,2024-07-05 20:36:03,100,failed
138,2418,2024-11-25 12:37:13,50,completed
139,1036,2024-03-08 04:49:17,50,pending
140,4424,2024-04-08 14:17:35,1000,completed
141,3824,2024-02-21 13:39:16,500,failed
142,1830,2024-09-16 02:30:18,200,completed
143,1239,2024-05-10 15:44:08,500,completed
144,1420,2024-10-29 00:03:11,50,completed
145,1386,2024-12-04 16:45:14,2000,completed
146,1036,2024-08-23 03:01:44,2000,completed
147,2,2024-12-07 10:07:06,200,completed
148,2760,2024-10-31 05:57:49,1000,completed
149,3315,2024-09-24 10:27:51,2000,completed
150,514,2024-11-23 11:24:21,1000,completed
151,4156,2024-06-03 01:09:02,2000,completed
152,2947,2024-11-03 04:34:39,200,completed
153,1551,2024-04-04 15:28:08,200,failed
154,1099,2024-04-18 21:22:41,100,completed
155,373,2024-06-01 04:07:37,500,failed
156,1622,2024-09-15 01:11:54,2000,completed
157,1371,2024-10-06 21:08:43,100,completed
158,4284,2025-01-14 17:14:59,500,completed
159,3915,2024-10-14 15:29:41,50,completed
160,938,2024-12-26 15:45:57,1000,completed
161,2791,2025-01-02 09:10:58,500,completed
162,2163,2024-12-30 20:50:02,2000,pending
163,413,2024-11-13 09:57:30,1000,completed
164,3707,2024-11-08 18:18:05,200,completed
165,2972,2025-01-08 05:06:49,200,completed
166,4018,2025-01-19 14:18:19,500,completed
167,3210,2024-07-18 03:28:12,50,completed
168,2494,2024-08-27 15:28:28,2000,pending
169,2741,2024-02-23 14:53:46,1000,completed
170,2860,2024-04-20 11:17:24,1000,completed
171,1774,2024-04-29 16:38:16,100,completed
172,2713,2024-12-14 21:07:56,100,completed
173,3065,2025-01-22 02:57:25,50,completed
174,1952,2024-10-22 20:11:24,200,failed
175,1273,2024-08-28 11:32:11,100,completed
176,4863,2024-07-09 12:34:48,1000,completed
177,2656,2024-03-20 23:23:14,100,pending
178,4855,2024-04-28 09:46:18,2000,completed
179,2301,2024-10-23 20:39:38,200,pending
180,3474,2024-09-29 06:25:10,50,failed
181,4276,2024-12-17 16:43:56,100,completed
182,1797,2024-11-21 11:21:20,50,completed
183,1603,2024-06-20 20:21:48,1000,pending
184,2744,2024-11-26 02:39:09,500,completed
185,1196,2024-12-24 01:46:15,500,completed
186,3256,2024-12-27 01:43:14,500,completed
187,204,2024-09-12 23:28:23,200,pending
188,4102,2024-11-12 03:29:57,2000,failed
189,1835,2024-08-07 08:36:41,50,completed
190,3619,2024-12-18 20:53:10,500,pending
191,1339,2024-07-12 17:54:10,500,completed
192,3802,2024-09-22 17:51:56,50,completed
193,48,2024-05-31 03:19:07,1000,completed
194,2914,2024-10-19 20:08:34,1000,completed
195,947,2024-10-20 22:42:03,500,completed
196,4133,2024-04-05 19:57:47,2000,completed
197,2537,2024-12-12 15:17:46,1000,completed
198,4060,2024-08-15 00:24:06,50,completed
199,3456,2024-05-13 04:29:30,200,completed
200,1431,2023-10-30 13:48:50,200,completed
201,3016,2024-10-15 22:57:50,100,completed
202,3229,2024-12-21 12:47:43,200,completed
203,1200,2024-10-22 14:28:32,50,failed
204,2146,2024-09-13 21:55:21,50,failed
205,1837,2024-10-09 17:59:28,500,completed
206,1191,2024-11-04 15:13:07,100,completed
207,4267,2024-09-29 13:24:56,1000,completed
208,44,2024-09-20 03:34:06,1000,completed
209,2005,2024-06-17 11:53:27,200,completed
210,1647,2024-05-13 06:20:05,100,completed
211,4500,2024-11-24 17:22:22,2000,completed
212,3278,2023-11-10 13:17:56,200,completed
213,3631,2024-11-06 01:15:13,2000,completed
214,2351,2024-11-03 03:34:40,50,completed
215,4466,2025-01-06 17:21:23,500,completed
216,4252,2025-01-24 03:12:08,500,completed
217,4061,2025-01-19 06:36:22,200,completed
218,2021,2024-03-06 10:07:30,500,completed
219,2310,2024-08-31 17:02:25,500,completed
220,528,2025-01-22 03:25:42,100,completed
221,1268,2024-09-10 08:27:08,200,pending
222,4163,2024-07-28 02:43:39,2000,completed
223,1922,2024-08-06 14:12:44,500,completed
224,3061,2025-01-13 02:07:20,200,completed
225,4795,2024-05-22 13:05:22,50,completed
226,3781,2024-10-29 05:54:14,200,pending
227,4038,2024-03-28 07:34:48,1000,completed
228,2132,2024-09-25 09:50:05,2000,completed
229,4044,2024-11-30 12:13:59,50,completed
230,1677,2024-11-10 21:56:40,100,failed
231,3211,2024-08-16 04:50:12,50,pending
232,1778,2024-04-19 22:03:18,200,completed
233,514,2025-01-19 14:46:18,100,completed
234,1373,2024-03-06 07:28:34,500,completed
235,3529,2024-12-23 15:43:58,1000,pending
236,1449,2024-04-30 03:35:41,50,completed
237,2790,2024-07-22 08:05:37,2000,
238,3333,2024-10-27 19:50:38,100,completed
239,3933,2024-08-16 10:06:44,1000,completed
240,2182,2024-08-11 00:14:11,2000,completed
241,488,2023-12-08 06:59:33,2000,completed
242,1261,2024-11-23 17:01:23,100,completed
243,3688,2024-08-27 11:38:56,2000,completed
244,1469,2024-12-27 06:11:56,50,completed
245,6,2024-08-26 04:44:16,2000,completed
246,1596,2024-04-20 03:10:51,200,
247,3245,2024-06-15 05:13:37,500,completed
248,3840,2024-08-11 16:09:43,1000,completed
249,2124,2024-01-26 20:28:36,2000,completed
250,4674,2024-09-01 10:11:23,500,completed
251,440,2024-06-07 04:52:26,500,completed
252,3985,2024-08-26 15:48:19,100,completed
253,2583,2024-05-06 02:09:54,2000,failed
254,3326,2024-11-10 23:44:50,1000,completed
255,928,2023-11-06 10:07:29,2000,pending
256,3637,2024-10-01 13:55:00,2000,completed
257,1766,2024-11-08 00:20:16,2000,completed
258,2162,2024-11-17 17:27:48,200,completed
259,4400,2024-09-29 05:43:39,100,completed
260,4080,2024-02-18 00:21:16,200,completed
261,787,2024-09-29 08:00:26,2000,completed
262,340,2024-10-04 22:18:36,1000,failed
263,2378,2024-07-25 05:36:15,2000,completed
264,2756,2024-12-30 17:45:59,50,completed
265,1146,2024-09-19 13:02:55,50,completed
266,2012,2025-01-08 19:25:45,200,completed
267,290,2024-09-08 11:10:06,2000,completed
268,4011,2025-01-05 01:24:43,50,completed
269,1739,2024-02-21 05:23:05,2000,completed
270,3612,2024-08-20 11:15:03,1000,completed
271,4369,2024-02-21 08:29:41,1000,completed
272,141,2024-11-07 02:32:20,200,completed
273,801,2024-10-27 09:25:10,2000,failed
274,1626,2024-06-02 15:58:41,2000,completed
275,4072,2024-08-17 02:28:49,1000,completed
276,413,2024-10-25 06:16:26,500,completed
277,3743,2024-12-03 04:15:10,50,completed
278,1127,2024-02-28 02:53:09,200,completed
279,4160,2024-05-05 11:41:31,1000,completed
280,3687,2024-10-15 10:02:25,50,pending
281,4666,2025-01-03 12:40:08,100,completed
282,2437,2024-08-13 20:34:26,500,completed
283,2140,2024-10-16 08:54:22,1000,completed
284,1923,2024-10-13 21:17:50,200,completed
285,4517,2024-08-21 16:59:28,2000,completed
286,1751,2024-05-21 08:28:40,500,completed
287,485,2023-12-24 10:07:01,500,completed
288,1640,2024-12-18 10:59:00,500,completed
289,4235,2024-10-16 20:04:45,100,completed
290,3691,2024-05-28 08:03:03,2000,completed
291,4468,2024-10-16 06:21:34,1000,completed
292,436,2024-03-17 15:37:14,100,completed
293,4437,2025-01-30 18:48:29,2000,completed
294,1234,2024-10-24 23:14:58,200,pending
295,4865,2024-01-23 13:51:18,50,failed
296,4680,2024-06-24 16:34:40,1000,completed
297,36,2024-10-02 11:11:11,200,completed
298,637,2024-10-27 19:01:02,100,completed
299,3232,2024-06-25 15:36:17,200,completed
300,2834,2024-12-18 01:38:55,50,completed
301,4364,2024-12-28 11:27:08,500,completed
302,534,2024-10-02 06:13:26,1000,completed
303,3535,2025-01-18 07:24:01,200,pending
304,19,2024-12-14 20:30:34,1000,completed
305,4924,2023-11-14 02:39:31,1000,completed
306,699,2025-01-02 06:06:40,50,pending
307,2459,2023-10-10 21:24:32,2000,completed
308,1484,2024-11-13 02:43:55,1000,pending
309,2679,2024-11-28 00:22:31,1000,completed
310,2850,2024-10-22 22:12:54,100,failed
311,957,2024-12-21 01:18:59,1000,completed
312,4017,2024-08-07 21:41:23,100,pending
313,3875,2024-12-26 17:45:57,100,completed
314,3188,2024-08-04 20:07:43,500,completed
315,2870,2024-06-22 08:07:18,500,completed
316,2967,2024-06-12 22:51:25,1000,failed
317,3696,2024-11-30 00:37:12,1000,completed
318,3377,2025-01-07 03:01:34,50,completed
319,1315,2024-09-10 12:18:33,1000,failed
320,2460,2024-10-24 11:31:30,100,pending
321,291,2025-01-29 14:44:19,200,completed
322,2597,2024-10-18 22:35:37,50,completed
323,1072,2024-10-09 18:58:54,500,completed
324,4661,2024-10-07 19:47:23,200,completed
325,1364,2025-01-28 21:40:37,100,completed
326,2170,2024-11-23 04:23:45,500,completed
327,3420,2024-08-01 06:39:25,500,failed
328,1784,2024-07-10 12:43:11,50,failed
329,1222,2024-08-30 10:21:29,50,completed
330,318,2024-10-29 09:14:37,1000,completed
331,2148,2024-04-11 10:54:43,200,failed
332,1411,2023-10-21 06:25:36,200,completed
333,4647,2024-05-23 10:28:32,200,pending
334,959,2024-11-29 03:32:02,50,completed
335,3876,2024-12-25 20:48:36,1000,pending
336,1466,2024-06-13 13:45:35,2000,pending
337,3321,2024-07-28 21:47:36,50,completed
338,3242,2024-08-31 09:30:49,1000,completed
339,1257,2023-12-11 07:37:51,1000,completed
340,2054,2024-06-01 08:50:47,100,completed
341,459,2025-01-20 14:40:09,200,
342,1107,2024-07-15 02:01:05,200,completed
343,1861,2025-01-19 20:00:03,200,completed
344,181,2025-01-19 07:43:50,1000,completed
345,1214,2024-12-25 01:34:54,2000,completed
346,4847,2024-09-10 08:55:35,2000,completed
347,471,2024-12-14 08:31:57,1000,completed
348,3422,2024-08-11 07:56:03,50,completed
349,3366,2024-11-04 17:48:46,50,failed
350,1851,2024-12-07 23:27:31,50,completed
351,194,2024-12-11 04:59:06,100,completed
352,3152,2024-04-04 15:30:47,50,pending
353,2511,2024-05-25 04:40:21,200,completed
354,3221,2024-02-06 01:06:06,2000,failed
355,2211,2024-10-08 11:24:59,200,completed
356,268,2024-11-30 17:25:15,500,pending
357,380,2024-07-04 19:12:52,2000,completed
358,4064,2025-01-14 21:35:28,500,completed
359,686,2024-06-04 22:40:12,50,pending
360,4323,2024-03-22 01:53:11,200,completed
361,2886,2024-05-21 20:03:51,50,completed
362,4366,2024-12-05 07:39:44,100,completed
363,4138,2024-03-01 12:44:09,500,completed
364,292,2024-01-17 09:36:17,500,completed
365,1737,2025-01-17 22:18:30,100,completed
366,3636,2024-02-24 04:11:37,200,failed
367,1629,2024-09-28 02:26:54,100,completed
368,3092,2024-09-17 06:46:14,200,completed
369,247,2024-08-28 13:27:58,2000,pending
370,611,2024-11-07 03:43:35,200,completed
371,3641,2025-01-12 04:59:17,50,completed
372,1483,2024-02-04 09:13:16,50,completed
373,409,2025-01-05 06:50:23,1000,completed
374,2590,2024-10-10 08:09:54,200,failed
375,4826,2024-05-14 18:30:25,1000,completed
376,2543,2025-01-06 10:51:34,500,completed
377,3767,2024-09-15 23:27:44,100,completed
378,182,2024-07-28 05:24:24,200,completed
379,2342,2024-11-18 21:05:16,2000,completed
380,474,2024-06-03 21:53:10,500,completed
381,4924,2024-09-14 11:38:43,1000,completed
382,81,2024-02-12 20:23:53,500,completed
383,3330,2024-08-30 09:11:06,50,completed
384,2076,2024-01-16 09:56:47,50,pending
385,2654,2024-10-22 23:48:47,1000,completed
386,317,2024-10-27 09:41:42,200,failed
387,392,2024-10-01 08:47:20,500,completed
388,3724,2024-10-25 12:26:26,500,failed
389,812,2024-11-08 05:55:55,200,completed
390,1719,2024-02-07 18:34:05,2000,completed
391,786,2024-06-13 21:52:58,50,completed
392,4608,2024-06-15 04:53:01,100,completed
393,472,2024-02-18 22:25:50,2000,completed
394,3376,2025-01-16 22:18:04,1000,completed
395,3752,2024-12-09 08:00:11,200,completed
396,1907,2024-09-03 00:56:12,1000,completed
397,608,2024-06-24 12:08:45,100,completed
398,863,2024-10-15 12:53:43,100,completed
399,2422,2024-05-29 14:04:28,100,completed
400,2014,2024-11-08 03:23:16,100,completed
401,4523,2024-12-07 16:10:15,500,completed
402,2716,2024-07-21 08:19:48,100,completed
403,3102,2024-07-05 10:52:44,1000,completed
404,3311,2024-07-12 08:31:04,500,completed
405,4811,2024-05-26 22:01:11,1000,completed
406,4485,2024-04-19 00:10:22,100,completed
407,1225,2023-12-27 02:13:34,2000,completed
408,629,2024-06-30 18:57:20,1000,completed
409,405,2024-08-17 20:39:46,1000,failed
410,1620,2024-06-28 07:47:55,500,completed
411,2162,2024-06-14 17:10:52,500,failed
412,4421,2024-05-20 16:40:02,2000,completed
413,2664,2025-01-14 00:43:29,100,failed
414,2446,2024-11-24 07:36:17,1000,pending
415,800,2024-10-14 23:07:24,1000,completed
416,1861,2024-09-22 11:34:35,2000,completed
417,1676,2024-12-24 21:43:06,100,completed
418,3265,2024-10-08 21:24:10,2000,failed
419,2723,2024-07-03 02:26:35,200,pending
420,3567,2024-03-28 11:03:44,200,pending
421,25,2025-01-15 20:02:27,100,completed
422,2443,2024-11-16 18:28:54,100,pending
423,2208,2025-01-22 08:40:22,500,completed
424,828,2025-01-15 01:08:44,2000,completed
425,1871,2024-11-27 16:08:21,500,completed
426,4708,2024-04-04 08:06:21,100,completed
427,1787,2023-10-12 04:01:29,1000,completed
428,2767,2024-12-16 19:40:19,100,completed
429,2254,2023-11-17 00:18:24,100,completed
430,1279,2024-12-15 23:58:37,2000,completed
431,1814,2024-07-03 18:01:33,500,completed
432,357,2024-11-05 13:53:16,1000,failed
433,1177,2024-05-12 15:07:09,100,completed
434,2167,2024-04-02 18:16:43,50,completed
435,4769,2024-09-02 00:54:11,1000,completed
436,2304,2023-11-18 15:12:21,500,completed
437,389,2025-01-04 07:55:36,50,pending
438,64,2024-05-02 07:11:08,200,completed
439,1119,2024-12-27 16:52:54,100,completed
440,275,2024-09-23 01:52:14,50,failed
441,2490,2025-01-09 03:59:20,500,completed
442,2641,2024-12-17 08:28:12,50,completed
443,4486,2024-10-07 08:53:56,2000,completed
444,3470,2025-01-20 02:22:37,100,completed
445,3104,2024-12-14 00:50:09,100,completed
446,1163,2024-10-06 01:52:09,100,completed
447,3495,2023-11-04 10:06:21,200,completed
448,868,2024-03-30 22:40:50,2000,completed
449,488,2024-09-21 06:55:31,2000,failed
450,4071,2024-06-26 22:05:41,500,completed
451,2568,2024-12-26 05:12:57,1000,completed
452,2781,2024-09-28 15:58:15,500,completed
453,3021,2024-12-18 18:17:32,1000,completed
454,1444,2024-10-10 18:16:47,1000,completed
455,3657,2024-08-05 06:18:48,1000,completed
456,3371,2024-09-13 17:23:24,100,failed
457,257,2024-12-26 09:47:14,1000,completed
458,228,2024-09-08 00:00:32,2000,completed
459,935,2024-08-08 19:36:54,100,completed
460,3041,2024-08-31 05:16:34,500,completed
461,2978,2024-08-09 10:58:10,2000,completed
462,3306,2024-12-28 03:29:31,200,completed
463,1274,2024-06-24 04:07:49,1000,completed
464,1020,2024-01-27 19:39:15,500,pending
465,435,2024-01-01 22:13:29,2000,failed
466,4429,2024-06-29 08:25:06,100,completed
467,955,2024-11-22 07:12:13,100,completed
468,1028,2024-09-07 19:24:42,50,pending
469,590,2024-11-24 03:15:59,1000,
470,298,2024-06-26 20:28:13,100,completed
471,1248,2024-11-06 10:24:17,1000,completed
472,2857,2025-01-08 09:47:42,50,completed
473,1411,2024-07-20 11:40:53,200,completed
474,1276,2025-01-25 01:26:07,500,completed
475,1386,2024-08-14 02:16:12,1000,pending
476,523,2024-12-02 00:09:09,50,completed
477,4689,2025-01-02 11:59:46,100,completed
478,4293,2024-09-08 14:08:49,100,completed
479,1853,2024-06-29 09:21:38,100,completed
480,787,2024-03-12 21:35:00,500,completed
481,2411,2024-08-13 12:01:17,100,completed
482,3644,2024-09-20 18:15:02,100,completed
483,2756,2025-01-06 00:15:44,200,completed
484,4346,2024-06-21 00:53:24,200,completed
485,1492,2024-10-02 04:34:50,1000,pending
486,4003,2025-01-13 08:36:00,500,pending
487,2328,2024-12-10 03:05:12,2000,completed
488,4052,2024-02-24 15:28:12,2000,completed
489,2744,2024-09-25 11:21:59,1000,completed
490,101,2025-01-13 15:08:35,100,completed
491,1580,2024-09-29 16:09:12,200,completed
492,1028,2025-01-13 03:57:15,50,completed
493,191,2024-12-21 02:45:45,1000,failed
494,1073,2024-11-11 00:42:05,1000,completed
495,3931,2025-01-28 23:58:23,500,completed
496,3022,2023-10-31 10:32:40,2000,completed
497,330,2023-11-02 08:22:58,1000,completed
498,3618,2024-04-02 22:39:31,100,completed
499,3861,2024-05-24 13:56:55,50,completed
500,4217,2024-07-05 02:12:13,500,completed
501,2180,2024-11-02 04:35:22,500,completed
502,4804,2024-02-20 05:37:55,2000,completed
503,1539,2024-02-09 16:12:08,50,completed
504,154,2024-06-03 00:26:20,50,completed
505,4215,2024-05-19 08:24:18,100,completed
506,4232,2024-11-18 15:47:26,1000,pending
507,4768,2024-11-19 19:18:22,500,completed
508,1442,2024-11-10 10:41:47,500,failed
509,4594,2024-12-13 05:21:17,50,completed
510,430,2023-11-11 17:29:33,200,completed
511,3391,2024-03-20 15:44:59,200,completed
512,4726,2024-09-28 05:13:35,2000,completed
513,2137,2024-08-30 17:58:06,1000,completed
514,4232,2024-07-26 03:04:34,100,pending
515,2923,2025-01-25 10:16:47,500,completed
516,372,2024-11-14 00:29:46,50,pending
517,2639,2024-05-01 16:50:02,1000,failed
518,1192,2024-08-30 21:58:10,500,completed
519,1200,2024-12-26 09:59:30,200,completed
520,788,2024-12-27 07:55:50,200,completed
521,904,2024-05-24 15:27:04,50,completed
522,4350,2024-03-25 01:56:48,100,failed
523,1853,2024-05-15 01:45:14,100,completed
524,988,2025-01-09 19:19:21,200,completed
525,2525,2024-06-22 23:52:50,200,completed
526,2731,2024-08-25 05:53:36,200,completed
527,3242,2024-05-26 09:10:19,2000,completed
528,4869,2024-06-13 08:56:12,500,completed
529,337,2024-11-06 09:17:34,500,completed
530,346,2024-01-18 20:35:01,100,failed
531,1639,2024-10-27 09:45:35,1000,failed
532,3350,2024-01-29 20:24:44,100,completed
533,1929,2024-09-01 01:20:53,100,completed
534,938,2024-06-04 16:02:34,200,completed
535,4071,2024-11-15 15:59:52,50,completed
536,1508,2024-08-09 05:13:45,200,completed
537,388,2024-07-14 09:00:57,200,completed
538,1391,2024-11-07 08:24:51,50,completed
539,3006,2024-05-12 22:24:44,2000,completed
540,3715,2024-07-21 02:57:40,100,completed
541,4243,2024-11-15 20:49:01,2000,completed
542,185,2024-10-17 13:54:34,50,completed
543,1198,2025-01-03 15:45:38,100,pending
544,3614,2024-11-11 10:25:22,50,completed
545,3789,2024-07-17 04:22:22,100,completed
546,2678,2024-11-25 19:49:31,1000,completed
547,1359,2024-02-06 23:00:00,2000,completed
548,410,2024-05-05 11:55:43,200,completed
549,4187,2024-05-30 14:17:15,100,completed
550,3176,2025-01-05 02:31:31,200,completed
551,2256,2025-01-11 09:11:13,1000,completed
552,4661,2024-06-22 05:09:16,50,completed
553,1859,2024-09-23 14:31:59,1000,completed
554,905,2024-03-14 00:05:55,2000,completed
555,1910,2025-01-05 18:38:04,500,completed
556,4417,2024-06-29 16:25:06,200,completed
557,4486,2024-09-24 20:17:51,1000,completed
558,1002,2025-01-09 01:31:34,200,completed
559,2439,2024-11-27 04:43:12,50,completed
560,475,2023-12-06 19:49:39,200,completed
561,3121,2024-04-11 18:50:24,200,completed
562,4446,2024-12-13 11:20:06,100,completed
563,1514,2024-08-04 16:02:12,100,pending
564,1330,2024-11-12 08:04:22,50,completed
565,1539,2024-05-17 15:37:56,2000,completed
566,3977,2025-01-09 22:16:05,100,completed
567,3950,2025-01-16 18:52:31,200,pending
568,234,2024-10-06 00:43:38,50,completed
569,4883,2024-10-02 02:27:25,100,completed
570,4990,2024-05-01 11:40:37,100,failed
571,1554,2024-08-01 06:27:27,100,failed
572,187,2024-08-19 04:38:51,500,completed
573,693,2024-06-27 09:24:10,500,completed
574,3754,2025-01-30 03:07:49,200,failed
575,4968,2023-10-01 00:31:02,1000,pending
576,92,2024-02-06 23:54:57,50,completed
577,1797,2025-01-03 12:04:30,200,completed
578,3521,2024-07-21 04:51:58,500,pending
579,4935,2024-08-07 04:18:40,500,completed
580,4350,2024-01-12 07:33:39,1000,completed
581,2848,2024-09-03 01:53:56,100,completed
582,3159,2024-06-16 08:41:48,2000,completed
583,4214,2024-04-09 16:04:10,2000,completed
584,1412,2024-08-11 06:40:42,2000,completed
585,2889,2024-09-20 13:02:17,1000,completed
586,1354,2024-07-13 10:12:20,2000,completed
587,2187,2024-12-11 23:22:54,200,completed
588,22,2025-01-26 15:01:07,2000,failed
589,3287,2024-09-16 21:16:58,200,completed
590,4110,2025-01-09 19:08:36,1000,completed
591,3884,2024-07-09 16:17:49,100,completed
592,3714,2024-06-12 05:16:01,200,completed
593,1792,2024-10-04 11:55:34,100,completed
594,13,2024-12-15 13:59:35,50,pending
595,1206,2025-01-24 11:54:14,50,completed
596,2659,2024-03-05 08:59:11,200,completed
597,3197,2024-07-18 04:16:49,200,completed
598,1291,2024-09-29 05:16:59,500,completed
599,4128,2024-09-20 11:12:36,50,completed
600,2506,2024-06-08 14:00:35,2000,failed
601,3184,2024-10-19 14:47:26,100,completed
602,947,2024-09-19 09:58:40,200,pending
603,4810,2024-09-16 23:32:19,100,completed
604,3209,2024-08-05 20:02:52,200,completed
605,3026,2024-08-30 08:50:28,2000,failed
606,4692,2024-04-20 05:13:14,50,completed
607,4225,2024-07-27 23:04:47,100,completed
608,2842,2024-10-22 01:47:19,200,completed
609,4179,2023-10-14 07:48:44,200,completed
610,2791,2024-08-17 11:33:50,500,completed
611,990,2024-07-02 10:41:44,1000,pending
612,3306,2024-09-07 02:39:06,1000,completed
613,4519,2024-03-23 08:53:42,2000,failed
614,2965,2024-05-10 06:22:48,200,completed
615,86,2024-08-31 18:07:44,50,completed
616,2982,2025-01-25 17:35:07,200,completed
617,3266,2024-09-25 06:43:54,500,pending
618,2637,2024-08-26 15:16:43,100,completed
619,1901,2024-07-28 19:57:23,1000,failed
620,4755,2024-12-04 15:16:48,2000,completed
621,3800,2024-12-02 02:04:51,200,completed
622,292,2024-08-24 14:29:11,1000,completed
623,414,2024-07-15 01:58:14,2000,completed
624,2772,2025-01-02 07:45:55,100,pending
625,119,2024-08-10 02:48:42,2000,completed
626,727,2024-10-09 07:33:19,100,completed
627,1151,2024-06-09 03:08:24,500,completed
628,2391,2024-05-15 07:01:58,2000,completed
629,2311,2024-10-04 20:57:06,50,completed
630,3159,2024-06-28 09:39:40,1000,completed
631,4633,2024-08-26 04:28:27,100,completed
632,4893,2024-07-15 23:09:14,1000,completed
633,898,2025-01-09 22:41:25,500,failed
634,2759,2024-10-24 08:02:44,50,completed
635,2256,2024-11-10 20:55:52,2000,completed
636,3952,2024-10-01 10:08:46,200,completed
637,847,2024-09-14 17:17:30,1000,completed
638,4138,2024-04-27 17:20:29,50,completed
639,4722,2024-11-16 07:03:30,200,failed
640,189,2024-08-25 12:45:16,100,completed
641,925,2024-11-23 07:29:31,1000,completed
642,4140,2024-08-11 22:40:11,500,completed
643,3089,2024-12-15 23:59:46,200,completed
644,3616,2024-10-15 23:20:42,50,failed
645,2388,2024-12-26 11:02:32,500,completed
646,3019,2024-12-09 14:04:03,1000,completed
647,31,2024-03-13 15:44:53,100,completed
648,2893,2025-01-23 14:33:28,100,completed
649,326,2024-12-06 19:10:40,2000,completed
650,549,2024-09-01 10:31:09,500,completed
651,922,2024-01-06 10:13:04,50,completed
652,4365,2024-09-17 21:27:20,50,completed
653,351,2024-07-02 09:56:13,500,completed
654,4513,2024-03-13 04:27:41,50,completed
655,4364,2024-05-31 01:10:23,200,completed
656,906,2024-11-18 22:47:53,500,completed
657,3191,2024-11-28 07:44:50,500,completed
658,4590,2024-12-17 05:02:46,200,completed
659,2675,2024-09-04 14:01:45,50,completed
660,2609,2024-04-02 18:33:57,1000,completed
661,3386,2024-05-01 17:11:07,1000,completed
662,1604,2024-06-16 02:00:52,50,completed
663,1682,2024-10-06 20:10:18,2000,completed
664,157,2024-03-12 03:23:43,2000,completed
665,2806,2024-06-18 01:56:41,100,completed
666,1052,2025-01-12 08:47:36,1000,completed
667,360,2024-08-18 23:40:45,200,completed
668,4868,2024-11-15 13:59:02,100,completed
669,4835,2024-06-21 21:32:50,200,completed
670,508,2025-01-20 16:43:24,500,completed
671,1755,2024-09-07 17:03:59,200,completed
672,1619,2024-04-28 09:37:32,50,completed
673,3278,2024-07-31 04:34:00,100,completed
674,1000,2024-12-25 16:39:14,50,completed
675,1101,2024-05-23 15:48:40,50,completed
676,3529,2024-11-25 23:06:02,50,failed
677,2357,2024-12-10 02:48:53,2000,completed
678,2453,2024-09-28 02:24:21,1000,failed
679,3307,2024-04-21 13:59:22,500,completed
680,3298,2024-08-20 18:26:36,200,failed
681,2670,2023-12-29 12:27:36,200,completed
682,1560,2024-05-15 23:18:43,500,completed
683,3945,2024-05-29 05:14:06,500,completed
684,1297,2025-01-27 14:07:46,500,failed
685,1883,2024-12-26 20:26:44,200,completed
686,3544,2024-10-24 22:35:01,100,completed
687,2825,2024-10-09 11:20:07,200,completed
688,303,2024-07-21 02:32:31,100,completed
689,4620,2024-12-29 11:52:45,2000,pending
690,573,2024-11-19 22:35:28,1000,completed
691,4106,2024-09-06 23:04:22,2000,completed
692,3838,2024-01-14 07:14:30,500,completed
693,1792,2024-06-11 12:25:18,100,completed
694,1277,2024-12-01 04:02:30,1000,completed
695,3384,2023-11-18 18:01:52,1000,completed
696,2969,2023-11-28 06:32:53,50,completed
697,2494,2024-11-04 08:39:15,50,completed
698,965,2024-06-24 02:17:35,1000,pending
699,3068,2024-12-10 02:47:07,2000,completed
700,4209,2024-07-03 18:49:33,2000,completed
701,986,2024-04-28 22:04:06,200,completed
702,4515,2024-11-16 11:46:51,2000,pending
703,1082,2024-07-26 23:10:30,200,completed
704,3868,2025-01-29 19:20:05,2000,failed
705,4688,2024-07-16 13:48:36,200,completed
706,64,2024-11-20 10:31:25,200,completed
707,1724,2025-01-24 22:39:31,100,pending
708,1046,2024-09-26 14:39:09,100,completed
709,3341,2024-10-27 11:05:53,1000,completed
710,700,2025-01-11 11:04:34,50,completed
711,380,2024-12-28 14:16:33,2000,failed
712,1382,2024-12-21 17:30:33,500,completed
713,956,2024-10-31 09:44:06,500,completed
714,3978,2025-01-12 17:29:25,50,completed
715,2848,2024-07-07 19:31:57,200,completed
716,580,2024-07-17 00:38:02,1000,completed
717,4746,2024-08-29 14:59:36,1000,completed
718,4954,2024-09-25 21:46:16,1000,pending
719,266,2024-08-30 10:23:59,200,completed
720,4630,2024-12-26 16:08:38,500,failed
721,2988,2024-09-26 00:22:25,2000,completed
722,4595,2025-01-27 08:57:52,500,completed
723,3341,2024-07-28 05:42:48,200,completed
724,1066,2024-07-06 20:51:25,50,completed
725,2226,2024-08-28 20:59:30,200,completed
726,3914,2024-10-18 03:52:29,50,completed
727,4565,2024-11-18 14:26:20,200,completed
728,492,2024-08-07 09:56:10,500,completed
729,410,2025-01-06 12:25:13,500,pending
730,2781,2024-10-25 10:01:37,1000,failed
731,4136,2024-01-13 11:00:02,200,completed
732,32,2024-09-15 20:03:13,1000,completed
733,465,2024-05-11 22:16:32,500,completed
734,1658,2024-12-15 10:35:29,100,completed
735,2217,2024-12-14 00:59:17,50,completed
736,4547,2024-10-14 00:10:20,100,completed
737,3730,2024-08-16 15:57:46,200,completed
738,4525,2025-01-28 01:33:41,50,completed
739,2045,2024-08-14 16:14:19,100,completed
740,2711,2024-04-05 15:56:23,50,completed
741,3298,2024-12-19 19:50:49,500,completed
742,4188,2024-09-04 20:04:27,100,completed
743,2557,2024-11-28 20:04:10,100,completed
744,1982,2024-05-30 01:11:54,200,completed
745,4210,2024-02-22 22:49:18,50,pending
746,1886,2024-08-10 11:25:42,2000,completed
747,1561,2023-11-03 20:57:56,2000,completed
748,2684,2024-05-14 03:36:26,50,pending
749,4178,2025-01-29 20:23:15,200,completed
750,4346,2023-11-27 18:35:12,50,completed
751,2683,2024-08-29 11:32:58,2000,completed
752,3539,2024-09-07 20:21:32,500,completed
753,3141,2024-10-16 10:38:49,2000,completed
754,3958,2024-09-27 00:30:09,100,completed
755,1733,2024-09-10 12:54:46,2000,completed
756,993,2024-11-12 00:58:48,100,completed
757,2067,2024-12-29 13:47:09,1000,completed
758,1689,2025-01-06 00:10:46,500,failed
759,192,2025-01-26 04:28:07,100,failed
760,3640,2024-08-22 01:44:09,1000,pending
761,1306,2024-05-15 19:47:35,500,completed
762,3487,2024-09-20 08:15:04,50,pending
763,3511,2024-07-14 12:52:51,200,completed
764,560,2024-09-30 04:32:51,2000,completed
765,810,2024-09-18 12:00:44,2000,pending
766,2881,2024-04-17 13:44:43,500,failed
767,4185,2024-01-07 04:38:05,2000,pending
768,3914,2024-09-20 21:12:27,500,completed
769,1285,2025-01-28 10:06:43,1000,completed
770,1927,2025-01-24 13:50:32,1000,completed
771,766,2023-11-09 05:30:40,2000,completed
772,946,2024-11-16 08:06:43,100,completed
773,3808,2024-04-24 00:07:39,200,completed
774,113,2024-09-20 04:52:44,50,completed
775,2066,2024-12-30 04:44:41,200,completed
776,2695,2024-05-16 15:29:59,500,completed
777,693,2024-06-20 19:33:23,2000,completed
778,2225,2024-04-14 12:19:55,100,pending
779,2822,2024-02-26 12:44:16,200,completed
780,2398,2024-07-05 20:35:21,1000,completed
781,2098,2024-07-18 18:28:05,100,completed
782,3893,2024-12-05 23:35:41,1000,completed
783,3286,2024-12-14 06:19:36,50,completed
784,2717,2024-01-27 14:43:25,1000,completed
785,702,2024-05-26 12:31:42,50,completed
786,2106,2025-01-07 02:31:29,500,completed
787,1502,2024-08-15 20:30:55,1000,completed
788,2607,2025-01-27 19:56:17,100,completed
789,4926,2024-09-22 01:41:16,200,completed
790,2671,2024-07-05 16:53:43,100,completed
791,4073,2024-08-31 14:12:53,1000,completed
792,729,2024-12-30 17:06:43,50,completed
793,260,2025-01-14 16:41:36,1000,completed
794,4879,2024-07-20 19:18:17,1000,completed
795,3637,2024-12-30 09:34:06,500,failed
796,378,2024-06-17 12:56:44,1000,completed
797,1282,2024-11-23 20:06:30,200,completed
798,2469,2024-12-05 17:56:03,500,completed
799,3408,2024-11-29 22:03:30,1000,completed
800,2023,2024-10-29 05:12:13,50,completed
801,81,2024-07-08 06:50:04,50,completed
802,717,2025-01-03 02:41:56,500,completed
803,1605,2024-10-07 03:24:22,2000,completed
804,3322,2024-01-29 22:44:40,100,completed
805,284,2024-10-26 19:24:28,50,completed
806,286,2025-01-06 04:41:04,100,completed
807,921,2024-07-06 07:27:02,1000,failed
808,2149,2024-01-18 16:47:59,50,completed
809,2492,2024-12-27 10:02:45,50,completed
810,4867,2024-08-09 15:08:19,200,completed
811,1179,2025-01-09 07:36:07,100,completed
812,3645,2024-10-10 00:21:55,500,completed
813,2828,2024-06-24 17:54:15,200,failed
814,2606,2024-10-25 15:50:19,100,completed
815,1260,2024-04-24 08:36:46,50,completed
816,1292,2024-12-22 17:25:39,2000,completed
817,2565,2024-09-23 11:29:51,500,completed
818,1777,2024-05-17 00:21:14,500,completed
819,3885,2024-01-09 13:00:20,200,completed
820,2009,2024-10-07 00:50:51,500,completed
821,3109,2024-06-21 05:26:51,100,completed
822,3943,2024-10-02 01:49:58,100,completed
823,4455,2024-01-01 00:03:40,2000,completed
824,4586,2024-08-11 19:16:09,1000,pending
825,2274,2025-01-18 22:47:58,100,pending
826,4544,2024-04-15 18:04:12,200,completed
827,2391,2024-01-08 14:17:18,2000,completed
828,2841,2024-09-30 11:14:22,200,completed
829,4986,2024-08-19 18:07:29,2000,completed
830,229,2024-11-22 19:42:16,50,completed
831,1167,2025-01-24 05:08:08,50,completed
832,4588,2024-08-25 01:54:58,2000,completed
833,2622,2024-08-20 08:32:56,200,completed
834,4369,2024-06-12 04:25:54,500,completed
835,2146,2024-08-26 15:44:38,1000,completed
836,428,2024-08-10 22:34:46,1000,pending
837,340,2024-11-01 05:10:36,2000,completed
838,4250,2025-01-11 14:00:24,100,pending
839,1745,2024-07-29 04:08:54,1000,pending
840,455,2024-03-17 06:40:57,200,completed
841,2014,2024-09-17 08:24:15,500,completed
842,1308,2024-04-05 07:07:40,2000,completed
843,1054,2024-05-24 14:56:23,50,failed
844,4086,2024-12-06 20:41:46,2000,completed
845,4597,2024-05-29 00:58:53,500,completed
846,878,2024-10-30 11:49:17,2000,failed
847,1195,2024-01-24 23:41:43,50,completed
848,1568,2023-11-17 04:53:50,50,failed
849,4527,2024-09-04 05:47:46,200,completed
850,1158,2024-10-02 02:41:41,50,pending
851,452,2024-05-26 14:15:56,100,failed
852,3472,2024-01-21 12:02:59,200,completed
853,3605,2024-06-21 06:47:01,200,completed
854,3605,2024-08-27 01:06:10,50,failed
855,2448,2024-06-07 12:51:31,1000,pending
856,1262,2024-08-07 07:37:52,200,completed
857,4081,2024-08-24 21:50:08,50,completed
858,125,2024-09-09 20:24:25,1000,completed
859,2539,2024-08-26 09:07:27,500,completed
860,2677,2024-09-27 06:38:25,200,completed
861,2457,2023-11-18 11:21:34,500,completed
862,1922,2024-08-27 02:20:28,200,completed
863,612,2024-12-05 11:49:03,50,completed
864,3089,2024-11-12 07:56:28,1000,completed
865,4651,2024-08-10 21:31:05,500,completed
866,1450,2024-10-26 18:41:38,500,completed
867,2126,2024-09-16 02:15:42,500,completed
868,4211,2024-07-23 17:53:45,2000,completed
869,77,2024-10-20 09:05:32,500,completed
870,2467,2024-06-04 03:00:29,500,completed
871,748,2024-10-03 23:35:37,2000,completed
872,3324,2024-12-19 12:23:01,200,completed
873,2575,2024-11-01 15:48:16,500,failed
874,2804,2024-10-30 18:34:34,500,completed
875,1266,2024-08-14 19:36:09,200,pending
876,2761,2023-12-24 21:52:54,100,completed
877,3455,2024-11-02 05:25:50,1000,pending
878,3676,2025-01-10 16:06:06,500,completed
879,198,2024-09-11 21:24:19,50,failed
880,3421,2024-11-02 18:44:54,500,completed
881,931,2024-12-07 16:29:54,2000,completed
882,2386,2024-12-01 20:30:36,200,completed
883,525,2024-07-15 22:24:20,200,failed
884,1720,2024-03-15 09:09:59,50,pending
885,2216,2025-01-02 04:25:06,100,completed
886,1251,2024-08-24 20:11:48,500,completed
887,2231,2024-07-29 14:00:32,100,completed
888,2093,2023-12-26 12:13:28,1000,completed
889,4071,2025-01-18 15:50:41,500,completed
890,1031,2024-08-03 09:38:12,100,failed
891,367,2024-10-10 19:01:12,100,completed
892,3775,2024-11-21 19:01:17,200,pending
893,3293,2024-10-09 07:44:05,500,completed
894,1169,2024-09-21 18:00:25,200,completed
895,3182,2024-03-27 08:15:26,100,completed
896,3076,2024-08-17 03:28:48,2000,failed
897,2099,2023-12-06 16:22:45,100,completed
898,3204,2023-12-25 22:48:00,200,completed
899,3092,2025-01-09 09:54:30,100,completed
900,3121,2024-06-16 05:47:19,50,completed
901,2341,2024-04-08 14:22:06,50,completed
902,1635,2024-12-09 18:54:02,2000,completed
903,3529,2024-10-15 05:50:39,100,completed
904,19,2024-06-30 22:11:47,1000,completed
905,4357,2024-07-03 06:38:40,100,completed
906,3971,2024-12-09 01:09:03,2000,pending
907,4655,2024-12-28 19:23:55,200,failed
908,458,2024-08-27 16:21:26,100,completed
909,3158,2024-10-22 23:21:47,500,completed
910,469,2024-01-25 02:33:56,100,completed
911,3074,2024-09-08 23:45:21,50,completed
912,1044,2024-04-23 03:18:39,1000,completed
913,473,2024-12-29 11:39:27,500,
914,959,2025-01-13 08:39:38,1000,completed
915,1088,2024-10-13 11:28:45,200,completed
916,2077,2025-01-06 16:21:34,500,completed
917,1529,2024-03-12 22:19:31,50,completed
918,2549,2024-12-29 16:48:10,500,completed
919,4888,2024-11-08 01:30:27,50,completed
920,3663,2024-08-25 20:09:46,500,completed
921,1114,2023-11-23 09:00:28,50,completed
922,2398,2024-09-05 00:53:04,1000,completed
923,4351,2024-06-14 16:05:28,200,completed
924,3804,2024-09-13 06:40:41,1000,completed
925,3872,2024-06-12 23:28:20,500,completed
926,2720,2024-09-15 12:35:40,100,completed
927,376,2024-12-27 18:52:30,100,completed
928,995,2024-06-26 20:35:51,500,completed
929,2792,2024-08-01 11:30:58,50,completed
930,4383,2023-11-01 15:21:14,200,completed
931,782,2024-09-09 13:55:38,1000,completed
932,203,2024-08-13 07:15:18,100,pending
933,1539,2024-08-05 11:51:43,2000,pending
934,2508,2024-09-12 19:11:26,2000,failed
935,686,2024-05-08 09:43:15,2000,completed
936,1669,2023-11-15 07:40:21,2000,completed
937,3195,2024-06-28 04:16:48,200,completed
938,2249,2025-01-09 01:03:00,1000,failed
939,3468,2024-01-17 04:41:02,2000,completed
940,4978,2024-07-05 16:34:27,200,failed
941,3306,2025-01-15 12:22:12,200,completed
942,450,2024-11-23 13:56:54,100,completed
943,1787,2024-08-26 12:36:21,500,completed
944,3116,2024-12-23 14:09:12,1000,failed
945,1576,2024-10-11 05:03:22,200,completed
946,1194,2024-12-09 11:51:13,1000,completed
947,1076,2024-03-01 01:04:27,1000,completed
948,20,2024-02-19 01:05:12,500,completed
949,4853,2024-11-03 01:05:54,1000,completed
950,946,2024-02-06 13:15:43,100,completed
951,197,2025-01-19 11:31:15,500,pending
952,255,2024-05-16 09:11:07,100,completed
953,1676,2024-08-06 10:45:33,500,completed
954,15,2024-12-31 15:12:23,50,completed
955,1820,2024-06-24 01:08:06,100,completed
956,4609,2024-10-15 01:13:02,50,failed
957,3699,2023-12-29 09:18:00,50,completed
958,4286,2024-06-06 22:01:24,500,failed
959,1148,2024-06-22 01:27:09,2000,completed
960,25,2024-11-01 15:00:34,500,completed
961,363,2024-05-27 00:11:13,200,completed
962,505,2024-06-23 01:21:33,100,completed
963,1968,2024-07-19 14:56:29,2000,completed
964,305,2023-12-15 01:20:04,200,completed
965,3795,2024-08-29 22:31:57,2000,completed
966,636,2024-04-02 04:27:24,2000,completed
967,3380,2024-04-28 06:40:42,200,completed
968,258,2025-01-04 22:35:04,500,completed
969,4075,2024-07-04 00:59:29,100,failed
970,966,2024-07-02 11:39:16,2000,completed
971,4104,2024-10-17 12:51:01,2000,completed
972,2033,2024-09-23 16:38:00,2000,failed
973,3726,2024-11-11 12:05:37,2000,completed
974,4808,2024-12-08 12:03:02,2000,completed
975,4492,2024-10-26 15:09:48,200,completed
976,4169,2024-11-02 08:30:05,1000,completed
977,4923,2024-11-29 21:05:08,100,completed
978,4341,2024-06-19 16:45:45,100,completed
979,3771,2024-10-13 04:16:17,200,failed
980,3914,2024-11-30 20:23:56,500,completed
981,2211,2024-07-02 11:09:50,2000,completed
982,2916,2024-08-07 14:28:43,100,completed
983,2455,2024-05-19 04:00:33,2000,completed
984,4020,2024-12-15 01:48:44,100,pending
985,2022,2024-11-19 16:23:32,2000,completed
986,2730,2024-05-03 02:55:01,100,completed
987,2218,2024-02-16 19:31:33,500,failed
988,1602,2024-08-17 19:13:57,50,pending
989,554,2024-10-24 13:15:27,2000,completed
990,3093,2024-07-21 16:08:09,100,completed
991,3436,2024-11-17 02:54:22,2000,completed
992,872,2024-05-24 05:16:41,100,completed
993,1387,2024-10-27 12:34:01,1000,completed
994,1944,2024-07-11 22:48:26,100,completed
995,49,2024-08-29 09:33:10,200,failed
996,4451,2024-01-01 12:47:46,500,completed
997,4707,2024-12-24 20:29:54,200,completed
998,2263,2024-10-21 12:58:16,200,completed
999,3465,2024-06-06 03:30:52,2000,failed
1000,2298,2024-12-13 11:59:16,1000,pending
1001,3613,2024-10-26 01:28:22,100,completed
1002,4175,2024-12-05 05:05:32,200,completed
1003,1320,2024-09-14 15:20:30,2000,completed
1004,1155,2023-10-25 14:25:46,2000,failed
1005,4191,2024-10-06 04:20:56,100,completed
1006,2497,2024-11-15 14:08:31,500,completed
1007,2809,2024-06-03 18:59:11,100,pending
1008,4823,2024-10-02 17:57:36,1000,failed
1009,4125,2025-01-01 12:30:13,1000,completed
1010,2213,2024-10-26 02:37:59,2000,completed
1011,589,2024-10-20 17:37:42,1000,completed
1012,3202,2024-09-24 12:20:57,2000,completed
1013,1783,2024-12-27 06:26:17,50,completed
1014,484,2024-06-07 23:55:09,1000,completed
1015,449,2024-07-20 05:10:24,2000,completed
1016,4931,2024-08-21 07:26:37,500,completed
1017,4117,2024-07-03 21:26:30,500,completed
1018,38,2024-10-24 01:45:27,50,completed
1019,4288,2024-02-23 16:09:55,500,failed
1020,2151,2024-05-04 00:07:37,500,completed
1021,3334,2025-01-17 12:50:27,200,completed
1022,102,2024-09-17 23:19:43,50,failed
1023,4285,2023-12-09 04:39:52,100,completed
1024,11,2024-10-05 02:25:12,50,completed
1025,2103,2024-01-01 07:27:10,100,failed
1026,254,2024-07-09 21:00:22,200,failed
1027,1871,2024-07-09 17:05:21,1000,failed
1028,1754,2025-01-26 13:55:35,500,completed
1029,2890,2024-05-17 18:32:32,200,completed
1030,3755,2024-10-22 05:23:40,500,completed
1031,4076,2024-04-06 16:59:34,500,completed
1032,2698,2024-10-20 06:31:06,2000,completed
1033,3757,2024-02-16 10:04:48,1000,pending
1034,3358,2024-07-07 16:44:47,500,completed
1035,1548,2024-09-09 20:42:18,50,completed
1036,374,2024-11-22 22:23:37,2000,failed
1037,1397,2024-08-27 13:37:33,1000,pending
1038,4847,2024-07-09 00:06:45,1000,completed
1039,3683,2024-08-14 03:25:47,100,completed
1040,2462,2024-11-04 03:03:16,500,completed
1041,3755,2023-12-26 05:41:56,2000,completed
1042,1056,2025-01-19 09:19:50,50,completed
1043,3586,2024-05-31 21:49:46,500,completed
1044,783,2025-01-08 04:39:12,200,completed
1045,3006,2024-11-01 02:06:16,2000,pending
1046,1512,2025-01-28 09:52:46,50,completed
1047,920,2024-01-18 12:57:22,100,failed
1048,2311,2024-05-03 04:09:25,50,completed
1049,2480,2024-12-09 04:42:07,1000,completed
1050,2080,2024-10-07 13:01:43,50,pending
1051,494,2024-03-06 16:50:33,2000,completed
1052,4484,2025-01-08 16:08:15,200,completed
1053,1263,2024-09-25 20:46:38,50,completed
1054,907,2024-09-10 13:03:45,2000,completed
1055,802,2024-09-13 20:45:48,200,failed
1056,3161,2024-06-28 19:56:54,100,completed
1057,220,2024-04-13 02:56:23,100,completed
1058,1058,2024-10-30 13:17:24,2000,completed
1059,1942,2024-07-21 18:17:07,100,completed
1060,4132,2024-11-12 16:09:03,50,failed
1061,3401,2024-09-26 08:19:54,2000,failed
1062,4590,2024-11-22 15:01:26,100,completed
1063,3842,2024-10-13 17:15:46,100,completed
1064,3239,2024-12-24 10:28:10,500,completed
1065,630,2025-01-23 04:52:15,2000,completed
1066,4424,2024-05-12 11:33:36,2000,completed
1067,2483,2024-11-29 10:47:45,50,pending
1068,4434,2024-12-08 03:52:31,1000,completed
1069,2954,2024-08-08 03:39:45,1000,completed
1070,4936,2025-01-20 23:11:44,100,completed
1071,1177,2025-01-06 00:48:47,2000,failed
1072,1708,2024-11-03 16:53:26,200,completed
1073,4696,2025-01-14 07:33:44,50,completed
1074,1183,2024-12-24 01:11:06,2000,failed
1075,683,2025-01-10 13:46:35,50,completed
1076,1318,2024-10-01 05:37:44,1000,completed
1077,4236,2024-12-26 10:25:40,500,completed
1078,4592,2024-12-08 16:15:35,1000,completed
1079,844,2024-06-01 10:46:48,200,completed
1080,2015,2024-11-03 21:06:37,200,completed
1081,2652,2024-11-26 05:56:59,2000,pending
1082,3405,2024-12-05 13:39:39,500,completed
1083,3170,2024-08-10 01:26:04,500,pending
1084,3633,2024-09-01 00:29:50,1000,completed
1085,3953,2024-10-03 05:28:11,1000,pending
1086,1845,2024-09-08 12:17:40,1000,completed
1087,4298,2024-06-23 09:14:44,2000,failed
1088,2838,2024-04-17 09:42:08,500,completed
1089,4599,2024-09-12 05:16:47,500,pending
1090,827,2024-10-12 18:43:22,1000,completed
1091,2437,2024-09-03 08:16:53,50,completed
1092,1455,2025-01-30 03:05:54,200,completed
1093,2239,2024-04-22 14:51:58,50,completed
1094,3361,2024-03-20 14:40:50,100,completed
1095,1660,2024-09-24 04:19:34,2000,completed
1096,4737,2025-01-14 13:05:08,1000,completed
1097,97,2025-01-27 05:22:27,50,completed
1098,3732,2025-01-27 08:33:03,500,failed
1099,3814,2024-01-26 19:42:53,50,completed
1100,3675,2025-01-14 04:25:28,500,completed
1101,4523,2024-03-03 18:13:36,1000,completed
1102,1734,2024-09-26 16:09:27,500,completed
1103,2493,2024-08-29 07:15:09,2000,completed
1104,3481,2024-07-24 04:05:09,1000,pending
1105,31,2025-01-21 10:01:43,100,failed
1106,4906,2024-04-26 07:39:14,2000,failed
1107,889,2024-06-28 20:49:43,200,completed
1108,708,2024-10-02 15:27:38,200,completed
1109,3141,2024-03-29 02:46:47,500,completed
1110,4906,2023-12-27 13:07:17,500,completed
1111,41,2024-10-21 00:25:52,2000,completed
1112,887,2024-09-29 08:04:06,1000,completed
1113,1046,2024-09-20 14:31:16,200,completed
1114,1211,2024-09-24 08:28:03,100,pending
1115,378,2024-01-08 03:18:20,500,completed
1116,1750,2025-01-19 09:48:46,500,completed
1117,2591,2023-10-08 04:19:00,50,completed
1118,4170,2024-07-10 11:30:11,100,completed
1119,2178,2024-08-23 00:40:02,500,completed
1120,2522,2024-09-22 20:18:41,500,completed
1121,955,2024-10-04 14:23:52,1000,completed
1122,3310,2024-07-17 16:06:58,500,pending
1123,393,2024-09-04 23:24:26,200,completed
1124,4653,2024-02-03 09:34:58,2000,failed
1125,4835,2024-10-25 16:55:25,1000,failed
1126,2026,2024-07-04 05:53:24,1000,pending
1127,1516,2024-12-11 01:20:13,1000,completed
1128,2098,2024-04-08 21:26:46,1000,completed
1129,1610,2024-11-02 14:50:10,500,completed
1130,2251,2024-04-16 23:26:09,200,pending
1131,3794,2024-12-14 12:57:55,50,completed
1132,3695,2024-12-24 12:46:23,100,pending
1133,4622,2025-01-23 21:48:25,2000,completed
1134,4455,2024-04-11 07:47:12,50,completed
1135,3483,2024-10-08 06:02:07,50,failed
1136,2902,2024-07-17 02:58:40,50,pending
1137,8,2024-05-04 16:13:30,200,completed
1138,2866,2024-12-22 00:47:39,200,completed
1139,1454,2024-10-14 05:51:27,1000,failed
1140,4557,2024-02-09 09:14:11,50,pending
1141,1820,2025-01-10 05:04:01,200,completed
1142,4359,2024-08-08 13:00:13,50,failed
1143,361,2024-03-05 10:32:46,2000,completed
1144,3641,2024-12-17 13:25:58,1000,completed
1145,3610,2024-08-22 10:33:06,500,completed
1146,1451,2024-04-07 00:56:25,200,completed
1147,271,2024-12-02 05:41:42,500,completed
1148,480,2024-11-05 17:17:18,500,completed
1149,2824,2025-01-28 01:02:13,100,completed
1150,3151,2023-11-17 14:43:10,1000,completed
1151,334,2024-09-30 21:50:02,50,failed
1152,51,2025-01-20 02:20:47,50,completed
1153,2683,2024-08-12 12:15:27,500,completed
1154,941,2024-11-21 21:11:48,1000,completed
1155,3669,2024-12-05 20:39:24,200,completed
1156,289,2024-10-23 12:12:05,200,pending
1157,3539,2024-09-22 03:15:08,200,completed
1158,4777,2024-12-28 11:15:22,50,pending
1159,1303,2024-10-18 19:18:47,200,completed
1160,2632,2024-08-20 18:59:12,50,completed
1161,2104,2024-10-18 03:49:05,500,completed
1162,716,2024-01-23 05:43:30,100,completed
1163,2905,2024-07-26 00:51:02,2000,completed
1164,158,2023-12-03 04:45:37,100,completed
1165,2343,2024-08-28 14:07:21,500,completed
1166,2889,2024-10-19 07:07:46,500,completed
1167,871,2024-02-19 03:51:28,100,completed
1168,4358,2024-08-18 08:01:04,100,completed
1169,4872,2025-01-25 19:54:52,100,failed
1170,3165,2024-09-23 14:03:24,2000,failed
1171,2752,2024-04-03 04:19:26,100,completed
1172,2581,2024-11-03 17:39:48,500,completed
1173,2170,2023-10-24 21:46:55,100,failed
1174,4190,2024-02-22 05:45:19,1000,completed
1175,3572,2024-07-22 18:07:25,50,completed
1176,2649,2024-05-12 09:25:36,200,completed
1177,1457,2024-04-05 20:51:31,1000,completed
1178,3872,2024-10-13 18:41:30,100,completed
1179,3462,2024-07-27 07:08:32,1000,completed
1180,2380,2024-01-19 10:54:41,1000,completed
1181,3353,2024-09-17 06:50:09,100,pending
1182,2403,2024-05-20 02:03:09,100,completed
1183,2887,2024-03-17 19:26:59,500,completed
1184,379,2024-09-21 09:52:15,500,completed
1185,128,2025-01-27 10:35:41,50,completed
1186,1433,2024-08-22 06:48:43,50,pending
1187,4080,2024-07-29 21:36:29,1000,completed
1188,2349,2025-01-11 21:37:45,1000,failed
1189,4188,2024-09-15 04:35:49,100,completed
1190,2376,2024-10-15 19:51:06,50,completed
1191,1092,2024-06-28 11:34:51,2000,completed
1192,3146,2025-01-30 12:20:43,500,completed
1193,3778,2024-10-22 19:46:39,50,completed
1194,3032,2024-11-13 11:52:18,200,completed
1195,2049,2024-08-06 05:04:06,1000,pending
1196,858,2024-05-22 00:23:44,1000,completed
1197,2942,2025-01-01 11:05:22,200,completed
1198,2495,2024-12-05 08:35:12,500,completed
1199,810,2024-12-10 17:44:21,500,completed
1200,559,2024-03-28 08:01:31,50,failed
1201,500,2024-07-02 18:03:16,500,completed
1202,2878,2024-09-08 16:20:36,50,completed
1203,1175,2024-05-28 11:51:31,1000,completed
1204,3257,2024-12-05 00:37:35,2000,pending
1205,4537,2024-11-07 04:03:36,100,completed
1206,4092,2024-08-03 00:17:38,100,completed
1207,3582,2024-07-19 22:05:53,50,completed
1208,1381,2024-11-17 17:53:58,100,completed
1209,4058,2024-09-07 18:53:11,1000,completed
1210,4410,2024-02-24 11:42:24,100,failed
1211,3249,2025-01-07 17:20:32,100,completed
1212,1775,2024-05-05 06:52:46,200,completed
1213,395,2024-09-03 13:33:44,50,completed
1214,2078,2024-06-29 00:26:03,1000,completed
1215,3527,2024-03-07 22:02:43,100,completed
1216,1635,2024-08-29 03:35:33,100,completed
1217,2619,2024-11-12 00:29:32,50,completed
1218,2114,2025-01-26 15:30:54,50,completed
1219,610,2024-10-30 19:12:27,1000,completed
1220,4564,2024-11-06 08:31:39,500,
1221,4278,2025-01-15 20:54:08,1000,completed
1222,4087,2024-04-02 10:35:48,2000,completed
1223,739,2025-01-26 03:19:45,50,completed
1224,234,2024-12-11 09:18:51,2000,completed
1225,4854,2024-10-26 19:40:40,2000,completed
1226,1956,2025-01-20 11:41:56,500,completed
1227,2974,2024-09-21 10:21:41,200,completed
1228,1160,2024-01-12 00:54:23,100,completed
1229,3937,2024-03-22 00:51:00,1000,completed
1230,662,2024-04-26 06:40:25,1000,completed
1231,1531,2024-10-05 10:10:54,200,completed
1232,4185,2024-04-14 11:03:47,50,completed
1233,4198,2024-05-24 19:58:46,50,completed
1234,2888,2024-11-20 07:39:57,50,completed
1235,2233,2024-09-08 17:29:52,1000,completed
1236,3848,2024-10-31 14:47:32,1000,completed
1237,4467,2024-10-02 06:20:28,2000,completed
1238,1021,2024-12-30 21:22:40,50,completed
1239,1092,2024-08-26 13:11:07,500,pending
1240,3224,2024-04-25 16:30:18,200,failed
1241,831,2024-11-08 15:57:55,1000,completed
1242,4827,2025-01-11 21:16:36,1000,completed
1243,3634,2024-10-28 01:22:57,2000,completed
1244,1905,2024-10-03 18:03:38,200,completed
1245,1950,2024-11-22 07:08:58,100,completed
1246,2847,2024-12-29 10:21:51,200,completed
1247,3220,2024-11-07 17:44:15,200,completed
1248,507,2024-09-10 05:31:28,50,completed
1249,4791,2024-07-21 20:27:45,500,completed
1250,639,2024-05-04 17:42:40,1000,failed
1251,4611,2024-12-31 16:32:02,50,completed
1252,1382,2025-01-10 07:53:17,2000,completed
1253,1906,2024-08-23 23:34:35,2000,completed
1254,12,2024-07-22 00:24:38,500,completed
1255,73,2024-09-15 01:33:48,50,pending
1256,4032,2024-09-02 20:51:45,500,completed
1257,4864,2024-01-04 22:00:40,500,completed
1258,2985,2024-12-07 04:33:17,1000,completed
1259,1773,2024-12-22 22:36:08,200,completed
1260,1763,2024-07-24 20:27:00,200,failed
1261,4921,2023-11-21 19:00:20,50,completed
1262,2941,2024-03-03 00:59:56,100,completed
1263,2802,2025-01-10 02:29:49,200,pending
1264,957,2025-01-02 21:16:55,50,completed
1265,3744,2024-03-11 20:05:55,200,completed
1266,313,2024-08-07 21:22:05,1000,failed
1267,784,2023-12-31 13:04:49,100,completed
1268,1165,2024-03-26 15:03:53,50,pending
1269,3147,2024-03-11 14:20:41,100,completed
1270,2473,2024-08-04 12:49:25,200,completed
1271,1701,2024-10-11 00:38:17,100,completed
1272,1354,2024-10-13 05:43:13,50,failed
1273,511,2024-05-01 01:13:03,2000,completed
1274,3183,2025-01-12 05:58:55,2000,completed
1275,4111,2024-08-24 03:48:23,200,completed
1276,230,2025-01-04 13:11:12,100,
1277,2557,2024-09-30 15:59:45,50,completed
1278,2916,2024-08-19 13:23:00,100,completed
1279,240,2024-07-06 03:03:07,50,completed
1280,565,2024-11-16 14:28:52,500,completed
1281,4210,2025-01-20 03:28:02,200,completed
1282,4984,2025-01-25 13:59:54,2000,completed
1283,2296,2024-11-26 01:44:58,500,completed
1284,3201,2024-12-15 05:21:30,500,completed
1285,3781,2024-09-20 14:06:43,1000,
1286,792,2024-10-13 17:27:18,50,failed
1287,1693,2024-08-09 03:43:41,50,completed
1288,1931,2024-09-13 12:56:39,100,completed
1289,769,2024-09-08 23:11:02,2000,completed
1290,196,2024-10-31 07:44:03,50,completed
1291,972,2024-03-22 14:02:03,100,failed
1292,2193,2024-05-27 15:29:47,50,completed
1293,2529,2025-01-22 10:33:35,1000,completed
1294,3704,2025-01-04 15:48:03,200,pending
1295,3812,2025-01-17 01:53:13,200,completed
1296,4621,2025-01-05 15:24:55,200,completed
1297,4065,2024-07-18 21:27:19,500,completed
1298,730,2024-08-20 21:32:23,500,completed
1299,884,2024-01-08 02:05:57,50,completed
1300,3376,2024-03-08 16:06:09,1000,completed
1301,3290,2024-11-08 02:53:56,2000,completed
1302,3644,2024-07-14 20:37:18,2000,completed
1303,4380,2024-10-24 04:17:53,500,completed
1304,2551,2024-03-20 02:32:33,500,completed
1305,649,2024-09-21 20:37:46,200,failed
1306,2735,2024-08-23 17:57:33,1000,pending
1307,2675,2024-01-16 05:29:22,50,completed
1308,2165,2024-06-23 19:50:39,2000,completed
1309,4407,2024-10-31 21:10:51,100,failed
1310,4421,2024-05-16 21:08:03,50,pending
1311,655,2024-08-03 10:26:05,50,completed
1312,131,2024-10-18 14:06:30,500,pending
1313,2701,2023-10-14 14:30:45,500,completed
1314,1669,2024-03-06 08:08:22,100,completed
1315,3759,2024-07-01 11:39:23,500,completed
1316,365,2024-07-26 06:44:45,100,completed
1317,2497,2024-11-22 01:47:40,50,pending
1318,1588,2024-08-13 05:58:27,500,completed
1319,650,2024-11-21 22:39:25,200,completed
1320,2602,2024-10-05 17:33:40,100,completed
1321,2214,2024-10-19 22:42:29,2000,completed
1322,155,2024-03-06 15:53:33,200,completed
1323,3740,2024-07-21 08:14:31,500,completed
1324,803,2024-08-20 23:02:20,50,completed
1325,525,2024-06-19 15:15:51,2000,completed
1326,1009,2024-04-02 01:11:09,500,completed
1327,5000,2024-09-11 12:56:02,200,completed
1328,3685,2024-05-14 07:57:58,500,completed
1329,741,2024-09-03 21:42:36,50,completed
1330,657,2024-10-08 11:20:56,100,completed
1331,3244,2024-05-14 12:22:28,2000,completed
1332,680,2024-10-14 03:46:07,2000,completed
1333,3119,2023-11-02 02:56:33,500,completed
1334,93,2024-09-05 02:01:28,50,completed
1335,3174,2024-02-05 22:16:43,1000,completed
1336,2250,2024-10-06 13:27:06,500,completed
1337,2366,2024-08-26 19:34:42,50,completed
1338,3427,2024-11-29 22:10:27,100,completed
1339,1554,2025-01-28 18:04:25,50,completed
1340,4112,2024-10-02 20:33:58,200,completed
1341,3803,2024-07-17 13:14:27,1000,failed
1342,882,2024-12-07 01:15:14,200,completed
1343,1130,2024-02-18 09:58:20,200,completed
1344,517,2024-06-23 12:16:24,500,completed
1345,3023,2024-08-25 12:31:53,50,completed
1346,327,2024-08-29 06:47:51,50,failed
1347,1438,2024-11-01 17:15:11,2000,completed
1348,3139,2024-02-16 23:12:07,100,completed
1349,4352,2023-11-11 13:17:51,200,pending
1350,3310,2024-08-12 11:32:06,50,failed
1351,1050,2023-11-29 20:21:36,500,failed
1352,3510,2024-06-13 09:32:45,500,completed
1353,52,2024-11-01 06:39:17,500,completed
1354,2305,2024-10-30 13:17:23,1000,completed
1355,3266,2024-09-18 11:07:09,500,failed
1356,4309,2024-12-09 15:39:05,200,completed
1357,1957,2024-01-30 01:55:41,2000,completed
1358,4977,2024-10-05 20:09:25,50,completed
1359,4383,2025-01-19 14:52:06,500,completed
1360,1150,2024-04-16 23:35:49,50,completed
1361,2204,2024-08-10 05:32:50,100,completed
1362,4698,2024-10-24 09:45:09,200,completed
1363,1666,2024-03-23 11:07:12,500,completed
1364,814,2024-04-12 06:15:29,1000,completed
1365,1758,2024-02-20 10:44:44,2000,completed
1366,3981,2024-09-09 03:32:49,500,completed
1367,4610,2024-12-14 03:51:11,100,completed
1368,3978,2024-11-11 18:27:21,2000,completed
1369,1099,2024-02-15 23:16:15,2000,pending
1370,2562,2024-09-07 11:13:07,100,failed
1371,1002,2024-11-15 05:45:09,500,completed
1372,3484,2024-09-29 08:05:33,1000,completed
1373,1284,2024-12-06 23:38:34,50,completed
1374,4783,2024-08-11 07:32:00,50,completed
1375,2689,2024-10-18 21:17:28,100,completed
1376,3764,2024-11-30 07:25:57,1000,completed
1377,3363,2024-08-16 07:52:16,100,completed
1378,310,2024-08-13 00:32:35,1000,pending
1379,2987,2024-09-20 03:15:25,200,completed
1380,116,2024-11-21 22:27:05,100,completed
1381,2277,2024-09-17 10:35:21,500,completed
1382,4846,2024-07-28 21:43:10,100,completed
1383,4392,2024-12-31 16:09:05,200,failed
1384,2439,2024-05-31 00:13:13,50,pending
1385,1224,2024-05-10 12:38:22,200,completed
1386,3456,2025-01-09 00:02:35,100,completed
1387,3652,2024-06-30 08:15:45,1000,completed
1388,1692,2023-12-25 17:56:35,1000,completed
1389,1702,2025-01-12 15:29:30,50,completed
1390,1847,2024-08-02 18:56:11,200,completed
1391,3160,2024-11-07 19:01:12,2000,completed
1392,760,2024-09-06 02:10:38,2000,completed
1393,3668,2024-04-07 20:38:09,200,completed
1394,4106,2024-11-15 00:46:35,2000,completed
1395,581,2024-09-24 21:39:02,1000,failed
1396,2432,2025-01-21 10:01:57,100,completed
1397,1220,2024-06-15 08:25:21,200,completed
1398,4805,2024-11-04 22:45:38,50,completed
1399,1258,2024-09-11 17:50:12,500,completed
1400,1992,2024-07-16 22:27:22,1000,completed
1401,3852,2024-09-23 12:16:55,50,completed
1402,1970,2024-12-19 13:57:25,500,completed
1403,2978,2024-12-06 12:19:17,100,completed
1404,3874,2024-12-07 22:17:16,200,completed
1405,933,2024-08-31 23:30:01,2000,completed
1406,731,2024-10-30 17:25:54,200,completed
1407,719,2023-11-18 22:29:26,1000,completed
1408,2161,2024-06-04 03:26:27,50,completed
1409,1426,2024-03-26 15:16:43,200,completed
1410,4195,2024-11-15 22:33:12,50,completed
1411,3943,2025-01-07 17:17:49,500,completed
1412,3180,2024-11-02 07:48:57,1000,completed
1413,3896,2024-10-23 19:10:18,2000,failed
1414,3789,2024-11-22 20:48:19,100,completed
1415,1560,2024-12-22 23:00:36,1000,completed
1416,4905,2024-10-29 06:24:19,500,failed
1417,1474,2024-12-18 21:04:25,50,completed
1418,1027,2024-04-07 03:34:18,50,completed
1419,2779,2024-12-24 11:10:03,100,completed
1420,1701,2024-09-22 06:51:24,200,completed
1421,3800,2024-07-02 13:30:06,1000,completed
1422,1881,2024-11-28 18:00:15,2000,completed
1423,4589,2024-12-25 08:54:40,200,completed
1424,4447,2024-11-28 17:23:45,2000,completed
1425,1560,2024-09-06 05:53:45,500,completed
1426,1571,2024-09-18 14:25:11,100,completed
1427,4859,2024-03-18 09:18:58,2000,completed
1428,4361,2024-11-30 04:48:46,50,completed
1429,3135,2024-06-12 09:03:37,1000,pending
1430,1254,2024-07-07 09:29:31,100,pending
1431,2369,2024-12-04 03:27:50,2000,completed
1432,2875,2025-01-02 16:31:01,200,completed
1433,349,2024-12-15 22:00:43,100,completed
1434,3868,2024-11-14 12:52:22,200,completed
1435,3463,2024-08-10 21:21:31,50,completed
1436,1528,2024-11-15 21:13:18,1000,completed
1437,632,2024-11-09 00:35:59,100,completed
1438,352,2024-05-07 01:38:01,500,completed
1439,317,2024-02-28 15:29:54,200,completed
1440,4621,2025-01-30 09:29:14,200,completed
1441,752,2025-01-26 14:57:55,500,completed
1442,4482,2024-12-24 18:18:41,200,completed
1443,1985,2024-08-18 22:14:05,1000,completed
1444,1727,2024-10-08 14:37:31,500,pending
1445,689,2024-02-20 01:20:45,2000,completed
1446,58,2024-04-14 18:03:07,50,completed
1447,2210,2024-09-22 08:03:12,50,completed
1448,1521,2025-01-25 19:34:46,2000,completed
1449,2090,2024-10-01 10:35:14,50,completed
1450,957,2024-06-20 21:13:21,100,completed
1451,11,2024-08-31 10:15:28,100,completed
1452,981,2024-10-01 04:00:31,2000,completed
1453,3019,2024-10-04 06:29:11,50,completed
1454,3243,2024-03-10 14:30:33,500,completed
1455,2173,2024-12-27 19:23:06,1000,pending
1456,673,2024-04-29 20:19:34,200,completed
1457,1395,2024-12-16 11:00:09,1000,completed
1458,3359,2024-07-21 00:33:35,1000,failed
1459,1595,2024-06-13 06:51:30,200,failed
1460,1783,2024-08-31 11:39:18,500,completed
1461,3807,2024-10-20 12:00:10,50,completed
1462,1295,2024-01-21 04:37:57,500,pending
1463,4270,2024-10-20 10:14:55,1000,pending
1464,1803,2024-12-30 18:25:46,50,failed
1465,3907,2024-08-18 22:20:06,50,completed
1466,904,2024-03-20 22:57:17,500,completed
1467,3958,2024-09-24 09:35:16,500,completed
1468,4516,2024-09-05 06:48:01,200,pending
1469,3615,2024-08-10 14:04:03,100,completed
1470,4380,2024-12-31 15:24:10,2000,completed
1471,1379,2024-07-19 04:48:00,2000,completed
1472,2387,2024-08-31 22:09:18,200,completed
1473,3384,2024-04-17 01:13:38,50,completed
1474,3514,2024-11-17 13:25:27,100,pending
1475,3566,2023-12-24 20:01:32,50,pending
1476,1342,2024-12-17 19:30:05,50,completed
1477,1278,2024-05-31 07:24:45,500,failed
1478,1917,2024-12-04 08:57:53,100,completed
1479,4097,2024-11-19 12:54:21,200,completed
1480,713,2024-06-16 13:17:31,500,
1481,3246,2024-11-08 15:20:21,500,pending
1482,356,2024-06-20 06:55:50,50,completed
1483,2502,2024-03-28 13:03:12,500,completed
1484,1216,2024-03-21 23:28:30,50,completed
1485,901,2024-03-30 08:07:29,1000,completed
1486,2904,2024-08-29 21:08:07,50,failed
1487,217,2024-04-13 23:22:31,2000,completed
1488,4122,2025-01-20 10:32:35,1000,pending
1489,464,2025-01-22 09:20:22,2000,completed
1490,1996,2024-07-07 18:41:59,500,failed
1491,248,2024-09-12 08:53:34,1000,completed
1492,3645,2024-12-11 04:04:07,200,completed
1493,3895,2024-09-19 16:33:20,100,completed
1494,2153,2024-08-08 02:35:37,500,completed
1495,2139,2024-10-02 08:56:01,50,completed
1496,769,2024-04-09 00:33:30,2000,completed
1497,4958,2024-07-24 00:14:19,200,completed
1498,2323,2024-05-06 13:23:23,100,failed
1499,767,2024-01-25 12:57:43,2000,pending
1500,3810,2024-11-03 09:40:08,1000,pending
1501,1049,2024-07-24 07:00:22,2000,completed
1502,1832,2024-08-04 22:31:14,100,completed
1503,2573,2024-09-09 14:08:01,50,completed
1504,3650,2024-10-23 23:53:24,2000,completed
1505,158,2024-02-18 05:10:13,100,completed
1506,4669,2024-06-06 05:48:07,2000,completed
1507,480,2024-06-27 02:23:07,500,completed
1508,4284,2024-08-09 05:50:30,1000,completed
1509,3825,2024-11-18 03:45:57,50,failed
1510,668,2024-10-23 21:05:15,200,completed
1511,2797,2023-10-08 20:22:34,2000,completed
1512,858,2024-05-07 20:35:57,200,completed
1513,2895,2024-07-29 22:48:05,50,failed
1514,2574,2024-07-12 05:03:29,100,completed
1515,1268,2024-08-31 19:09:35,500,pending
1516,848,2024-06-23 18:59:47,2000,completed
1517,2806,2024-07-09 21:21:51,2000,pending
1518,2574,2024-09-17 22:32:04,100,pending
1519,2485,2024-09-06 20:41:33,200,completed
1520,4044,2024-10-13 22:58:59,2000,completed
1521,1796,2025-01-29 15:00:36,200,completed
1522,3232,2024-04-22 14:20:23,500,completed
1523,2676,2024-12-12 03:45:10,1000,completed
1524,3615,2024-04-30 18:35:56,1000,completed
1525,4402,2024-09-07 21:24:58,2000,completed
1526,454,2024-08-01 16:36:01,50,completed
1527,571,2024-09-04 22:58:04,200,completed
1528,1155,2024-06-19 21:42:53,200,completed
1529,2746,2024-11-24 10:07:14,200,completed
1530,2465,2024-06-28 02:55:33,2000,completed
1531,1814,2025-01-11 15:04:43,200,completed
1532,188,2024-07-28 00:11:53,50,completed
1533,3592,2025-01-08 04:47:46,1000,completed
1534,2779,2024-09-02 09:08:56,1000,completed
1535,133,2025-01-06 03:29:17,1000,completed
1536,4771,2024-09-25 15:03:09,200,completed
1537,66,2024-10-14 06:24:37,1000,completed
1538,1130,2024-05-23 00:49:02,1000,pending
1539,490,2024-12-31 03:15:40,1000,completed
1540,2236,2024-01-06 14:33:48,1000,completed
1541,4558,2024-03-26 05:56:31,100,pending
1542,3223,2024-07-01 06:45:03,50,completed
1543,3596,2024-07-25 08:26:27,200,completed
1544,84,2024-12-06 02:08:22,2000,completed
1545,4147,2025-01-01 22:21:39,500,completed
1546,248,2024-04-16 03:21:17,100,completed
1547,3877,2024-09-20 18:09:27,100,completed
1548,930,2024-11-19 14:42:19,50,pending
1549,2514,2024-05-04 08:25:19,200,completed
1550,835,2024-09-22 12:55:14,1000,completed
1551,697,2024-04-15 12:05:59,100,completed
1552,24,2025-01-17 03:10:31,1000,completed
1553,2120,2024-04-29 11:20:29,1000,completed
1554,1921,2024-10-24 09:32:22,200,completed
1555,3799,2024-08-27 21:37:45,500,completed
1556,4890,2024-04-17 18:12:14,100,completed
1557,279,2023-11-11 20:37:58,50,completed
1558,1313,2024-12-19 20:59:37,1000,completed
1559,2644,2024-11-04 01:35:06,500,failed
1560,1378,2024-10-15 10:18:30,2000,pending
1561,172,2024-04-30 12:38:34,200,completed
1562,3800,2024-06-11 02:19:27,50,completed
1563,1111,2024-07-20 00:54:40,1000,completed
1564,2661,2024-11-11 08:25:47,2000,completed
1565,4457,2024-09-09 14:13:57,500,failed
1566,2684,2024-03-06 05:19:00,50,failed
1567,1520,2024-12-14 15:31:40,2000,completed
1568,395,2025-01-11 10:42:42,50,completed
1569,4236,2024-07-19 22:52:30,50,failed
1570,3608,2025-01-24 09:12:29,50,failed
1571,2422,2024-09-08 14:24:34,2000,completed
1572,768,2023-12-19 02:42:24,100,completed
1573,4190,2024-06-11 17:32:44,500,pending
1574,2001,2024-08-02 07:11:14,1000,completed
1575,1504,2024-11-06 20:28:33,500,completed
1576,759,2024-12-27 05:00:53,200,completed
1577,3188,2024-12-24 20:14:03,1000,pending
1578,4733,2024-11-02 01:59:37,1000,completed
1579,2949,2024-10-04 10:36:24,100,completed
1580,3223,2024-05-04 04:22:06,1000,completed
1581,1236,2025-01-12 09:16:09,100,completed
1582,4464,2024-03-09 19:45:08,200,completed
1583,2534,2024-10-28 04:20:29,100,completed
1584,2595,2023-11-15 00:16:03,50,completed
1585,4780,2025-01-17 19:15:32,200,completed
1586,4469,2024-07-12 05:53:05,100,pending
1587,2728,2024-07-02 08:52:16,100,completed
1588,2235,2024-07-03 09:33:10,200,failed
1589,408,2024-05-29 08:59:46,2000,completed
1590,3529,2024-12-05 09:18:10,1000,completed
1591,695,2024-09-17 02:57:36,200,completed
1592,4661,2024-09-19 01:39:17,100,completed
1593,1301,2023-12-25 12:38:25,500,completed
1594,3880,2024-10-20 00:50:47,500,completed
1595,4840,2024-05-15 00:30:55,500,completed
1596,4762,2024-06-18 03:46:13,500,completed
1597,213,2025-01-22 09:20:37,200,completed
1598,4480,2024-05-13 20:43:55,200,completed
1599,157,2024-03-30 12:45:34,1000,completed
1600,880,2024-12-27 05:21:00,500,completed
1601,3336,2024-12-18 13:16:05,50,completed
1602,1139,2024-09-12 03:54:58,50,completed
1603,2141,2025-01-01 09:17:12,100,completed
1604,3827,2024-12-26 16:46:57,50,completed
1605,4004,2025-01-11 14:59:58,50,completed
1606,721,2025-01-21 13:17:23,1000,completed
1607,393,2025-01-26 20:09:58,100,completed
1608,587,2025-01-23 19:02:39,50,failed
1609,3424,2024-11-08 08:07:47,200,completed
1610,3661,2024-06-02 08:16:05,50,completed
1611,4746,2024-11-22 03:07:25,200,completed
1612,2481,2024-03-12 19:51:08,200,completed
1613,2086,2024-07-15 08:52:33,50,completed
1614,3848,2023-12-28 02:07:11,50,completed
1615,2974,2024-02-14 17:52:44,200,completed
1616,1607,2024-07-06 00:22:29,2000,failed
1617,2017,2024-11-10 19:22:59,200,completed
1618,1393,2024-10-20 09:35:32,100,completed
1619,3616,2024-10-20 05:26:59,100,failed
1620,4997,2025-01-24 08:40:11,100,pending
1621,3979,2024-10-01 19:25:38,2000,completed
1622,4353,2024-09-10 14:07:13,50,completed
1623,2621,2024-07-08 10:52:49,1000,completed
1624,3806,2024-08-19 01:49:15,50,completed
1625,3937,2024-08-22 02:18:14,100,completed
1626,2314,2024-11-21 06:27:17,100,completed
1627,2882,2024-08-26 11:01:09,200,completed
1628,1909,2024-04-08 12:21:12,500,completed
1629,2253,2024-10-23 16:50:00,200,completed
1630,214,2024-10-10 23:16:27,200,completed
1631,1385,2024-05-29 10:26:31,50,completed
1632,272,2024-11-06 20:21:05,500,completed
1633,2759,2024-07-25 01:39:17,500,failed
1634,2778,2025-01-06 17:59:52,50,completed
1635,3728,2024-01-21 07:34:35,500,completed
1636,2411,2025-01-22 14:27:29,50,completed
1637,1659,2024-09-16 10:28:29,1000,completed
1638,1900,2023-11-20 12:43:09,1000,completed
1639,3790,2024-09-19 03:13:19,50,completed
1640,915,2024-09-29 13:22:34,50,pending
1641,1435,2024-01-28 12:19:34,100,completed
1642,2359,2024-10-22 22:16:54,2000,completed
1643,3002,2024-08-20 02:37:30,500,completed
1644,4366,2025-01-21 10:54:06,500,completed
1645,4346,2024-03-30 18:34:44,200,completed
1646,1466,2024-04-28 01:22:00,1000,completed
1647,477,2024-12-16 07:44:47,50,completed
1648,3789,2024-07-12 16:18:47,1000,completed
1649,4109,2024-09-23 02:48:35,50,completed
1650,3232,2024-05-25 10:34:47,200,completed
1651,3913,2024-08-21 13:13:10,1000,completed
1652,4774,2024-09-16 17:46:20,500,pending
1653,130,2024-12-08 10:25:44,50,failed
1654,111,2024-06-10 00:26:41,50,completed
1655,1269,2023-11-09 02:55:07,500,completed
1656,3061,2024-11-05 16:22:18,50,completed
1657,2578,2024-06-30 05:14:42,200,completed
1658,1701,2024-12-25 04:54:38,200,completed
1659,2139,2024-11-26 08:31:25,2000,completed
1660,4790,2025-01-21 16:50:03,200,completed
1661,7,2024-07-10 20:54:21,500,failed
1662,2403,2024-11-26 23:12:10,100,completed
1663,2088,2024-05-01 14:03:57,1000,completed
1664,590,2024-02-06 23:38:48,1000,completed
1665,4737,2025-01-11 00:10:08,500,completed
1666,4158,2024-11-24 23:34:24,1000,completed
1667,4773,2025-01-01 07:40:31,100,completed
1668,4904,2024-05-21 02:23:12,50,completed
1669,326,2024-09-16 00:26:58,200,completed
1670,1727,2024-12-04 22:32:28,200,completed
1671,170,2025-01-20 21:39:09,200,completed
1672,2990,2025-01-06 06:12:21,1000,failed
1673,896,2025-01-05 14:19:55,2000,completed
1674,3153,2024-12-08 02:33:33,100,completed
1675,3735,2024-10-28 05:20:59,100,completed
1676,1359,2024-03-20 09:57:13,200,completed
1677,2909,2024-08-22 00:54:11,200,failed
1678,2719,2024-07-11 08:56:29,100,failed
1679,2207,2025-01-30 10:55:29,200,completed
1680,1715,2024-05-26 17:45:04,50,failed
1681,4393,2024-05-22 18:13:49,500,pending
1682,3870,2025-01-02 10:11:15,500,completed
1683,4889,2024-07-16 13:59:29,50,pending
1684,1332,2024-04-08 05:09:20,500,completed
1685,4622,2024-06-14 15:11:01,200,completed
1686,368,2024-10-11 03:06:04,2000,completed
1687,511,2024-04-01 11:03:57,100,completed
1688,231,2023-11-14 08:21:33,100,failed
1689,2495,2024-12-20 00:22:02,2000,completed
1690,1245,2024-03-24 11:26:06,50,pending
1691,3567,2024-10-16 06:55:47,1000,completed
1692,663,2024-07-28 20:39:24,50,completed
1693,4218,2024-12-30 05:17:21,1000,pending
1694,3953,2024-06-10 19:41:08,100,failed
1695,3602,2024-11-27 19:58:01,1000,completed
1696,1357,2024-12-10 14:19:01,100,completed
1697,551,2025-01-22 07:19:19,200,completed
1698,1670,2024-07-02 13:23:54,2000,failed
1699,1742,2024-08-04 01:50:29,500,completed
1700,4258,2025-01-19 13:54:20,500,pending
1701,2958,2024-11-16 23:32:45,500,completed
1702,3137,2024-08-06 10:25:39,500,pending
1703,504,2024-12-27 17:38:25,100,completed
1704,3438,2024-12-20 01:53:13,200,completed
1705,2334,2024-12-05 19:16:28,2000,completed
1706,4158,2024-09-13 07:35:03,1000,failed
1707,621,2024-06-27 16:34:19,200,completed
1708,2340,2024-01-25 19:45:07,200,completed
1709,2954,2024-08-08 16:40:59,50,pending
1710,2262,2024-06-25 08:10:08,100,completed
1711,4733,2024-11-26 13:49:28,50,pending
1712,3471,2024-12-31 07:12:45,1000,pending
1713,3123,2024-10-21 13:31:00,500,completed
1714,1301,2024-03-11 09:39:01,200,completed
1715,4348,2024-09-07 15:52:04,1000,failed
1716,1089,2024-11-28 10:57:08,1000,completed
1717,1670,2024-08-13 12:47:37,500,completed
1718,4218,2024-06-09 16:20:33,500,pending
1719,2980,2024-03-25 21:24:59,100,completed
1720,4511,2024-12-26 16:26:49,1000,completed
1721,1928,2024-01-13 06:29:06,500,completed
1722,2733,2024-11-06 08:19:32,1000,failed
1723,3749,2024-09-24 09:41:20,200,completed
1724,4450,2023-12-04 22:34:15,50,completed
1725,2644,2024-04-14 15:14:04,500,pending
1726,1725,2024-12-13 11:37:41,50,completed
1727,3032,2024-09-18 21:16:49,200,completed
1728,234,2023-12-20 00:23:55,50,completed
1729,4895,2024-11-23 23:04:26,1000,completed
1730,50,2024-07-04 09:37:17,200,completed
1731,4201,2024-08-11 23:44:39,500,completed
1732,4492,2024-12-26 19:14:31,200,failed
1733,1765,2024-10-18 02:37:39,100,completed
1734,3654,2024-10-13 11:58:12,100,completed
1735,1110,2024-05-29 13:55:43,50,completed
1736,4883,2024-10-09 13:46:21,500,completed
1737,4113,2024-08-04 23:13:13,2000,completed
1738,2790,2025-01-27 19:20:42,50,completed
1739,94,2024-09-17 11:48:20,50,completed
1740,4582,2024-10-16 17:21:32,50,completed
1741,2360,2025-01-25 12:01:08,200,failed
1742,1195,2024-09-13 09:52:18,500,failed
1743,3574,2025-01-17 02:08:45,1000,completed
1744,1518,2024-08-01 14:02:03,100,completed
1745,564,2025-01-24 03:45:57,500,completed
1746,2481,2025-01-09 10:00:32,2000,failed
1747,3611,2024-02-16 20:11:53,500,completed
1748,1333,2024-10-14 22:25:21,50,failed
1749,1467,2024-09-24 13:21:41,1000,completed
1750,1191,2024-11-08 16:32:33,2000,completed
1751,2520,2024-09-11 13:56:24,500,pending
1752,4201,2024-03-13 15:30:37,100,completed
1753,3783,2024-11-17 22:27:13,2000,completed
1754,1673,2025-01-07 11:26:55,500,completed
1755,3635,2024-11-29 20:21:19,500,completed
1756,4237,2024-03-23 09:01:27,200,completed
1757,3819,2025-01-30 19:49:28,50,completed
1758,494,2024-04-06 19:52:26,200,completed
1759,1449,2024-03-03 11:22:44,1000,completed
1760,2438,2025-01-26 07:51:23,500,failed
1761,304,2024-12-02 16:02:49,100,completed
1762,3238,2024-03-19 23:25:48,200,failed
1763,3716,2024-07-06 10:41:19,1000,completed
1764,4525,2024-10-12 23:55:59,1000,completed
1765,3660,2024-12-01 02:55:19,50,completed
1766,2705,2024-08-23 10:17:10,500,pending
1767,966,2024-12-30 16:10:27,200,completed
1768,3314,2024-10-18 03:16:56,100,completed
1769,957,2024-07-09 16:32:33,2000,completed
1770,1179,2024-08-17 01:51:57,1000,completed
1771,558,2024-07-16 04:35:54,50,completed
1772,2599,2023-11-26 07:38:50,2000,completed
1773,4957,2024-10-13 15:42:56,1000,completed
1774,3268,2024-11-13 09:48:58,50,completed
1775,2514,2024-06-05 00:04:19,500,completed
1776,2913,2024-11-29 00:59:41,100,completed
1777,4539,2024-06-26 18:09:03,100,pending
1778,4109,2024-08-24 01:54:01,50,failed
1779,1247,2024-11-20 07:39:23,2000,completed
1780,4580,2024-05-12 06:01:38,100,completed
1781,4738,2024-10-02 19:49:59,2000,completed
1782,1640,2024-01-16 06:06:59,50,
1783,3819,2024-08-15 01:29:26,500,completed
1784,416,2024-12-31 08:25:46,500,failed
1785,3994,2024-10-03 18:07:07,500,failed
1786,1575,2024-08-26 12:15:02,2000,completed
1787,314,2024-02-11 14:22:45,500,failed
1788,1522,2024-11-30 13:09:30,200,completed
1789,4386,2024-10-04 10:13:48,1000,completed
1790,680,2024-12-12 07:03:55,50,completed
1791,867,2024-08-24 06:32:25,1000,failed
1792,2162,2024-12-07 00:28:38,500,completed
1793,2762,2024-07-28 13:26:28,100,completed
1794,2484,2024-08-22 19:37:22,100,completed
1795,993,2025-01-27 12:43:12,200,failed
1796,518,2024-12-26 15:16:28,500,completed
1797,3311,2024-12-02 23:59:33,500,completed
1798,1467,2024-04-14 08:51:32,2000,completed
1799,1810,2024-07-22 09:57:56,1000,completed
1800,2305,2024-11-16 11:54:06,2000,completed
1801,1243,2024-03-22 14:00:37,100,pending
1802,862,2024-11-23 12:13:54,500,completed
1803,4439,2024-12-30 03:12:53,500,completed
1804,1354,2024-09-07 10:51:33,50,completed
1805,499,2024-08-16 21:58:46,100,completed
1806,4970,2025-01-05 17:01:30,50,completed
1807,160,2024-10-10 22:54:11,1000,completed
1808,1514,2024-11-16 23:41:30,2000,pending
1809,2515,2024-12-07 18:18:49,2000,completed
1810,2506,2024-09-23 17:30:34,100,failed
1811,2349,2024-03-31 20:34:38,2000,completed
1812,313,2025-01-29 19:44:07,500,completed
1813,3205,2024-07-16 02:45:13,200,failed
1814,2426,2024-05-20 14:56:47,100,completed
1815,795,2024-04-12 23:25:20,1000,completed
1816,4502,2024-08-19 20:43:49,200,completed
1817,4052,2024-01-03 12:30:51,2000,completed
1818,40,2024-12-17 16:13:59,100,pending
1819,2220,2024-04-22 07:06:40,2000,completed
1820,947,2024-12-12 05:26:15,2000,failed
1821,755,2024-04-28 01:01:29,1000,completed
1822,2803,2024-10-14 10:04:24,200,completed
1823,2100,2024-10-24 14:06:15,1000,completed
1824,2942,2025-01-05 17:17:39,1000,completed
1825,3011,2024-03-23 01:06:33,2000,pending
1826,3571,2024-06-26 18:27:27,2000,failed
1827,4314,2024-12-03 04:59:34,2000,completed
1828,1200,2024-10-05 15:06:16,500,failed
1829,1288,2024-12-10 00:03:22,500,completed
1830,1511,2024-11-26 07:08:16,2000,pending
1831,4224,2024-11-25 12:55:01,50,completed
1832,295,2025-01-03 07:08:50,200,completed
1833,1873,2024-11-28 19:33:00,100,completed
1834,1306,2024-06-30 13:20:07,2000,completed
1835,2069,2023-11-29 03:53:13,1000,completed
1836,364,2024-02-27 03:23:38,50,completed
1837,303,2024-06-22 00:00:27,2000,completed
1838,2505,2024-05-23 09:57:22,2000,completed
1839,4951,2025-01-01 00:45:08,100,completed
1840,941,2024-07-12 00:38:16,200,failed
1841,2239,2024-12-20 23:03:56,1000,completed
1842,1311,2024-09-22 16:08:36,500,completed
1843,968,2024-11-24 17:48:33,50,completed
1844,1997,2024-11-06 09:39:54,100,completed
1845,4036,2024-08-19 19:20:26,200,failed
1846,3910,2024-08-12 13:23:34,500,completed
1847,776,2025-01-08 21:28:34,500,completed
1848,4201,2024-03-05 13:44:29,200,failed
1849,4261,2024-07-23 08:46:01,1000,completed
1850,2500,2024-10-07 04:02:18,50,completed
1851,1213,2024-04-08 18:13:36,2000,completed
1852,3274,2024-09-18 09:00:54,200,completed
1853,1818,2024-11-02 21:33:04,2000,completed
1854,2105,2024-04-21 11:49:28,50,completed
1855,3435,2024-10-08 01:27:50,500,pending
1856,3925,2024-09-24 17:05:42,2000,completed
1857,4458,2024-07-19 20:39:14,1000,completed
1858,4275,2024-09-20 05:34:47,2000,completed
1859,989,2024-01-31 01:14:57,50,completed
1860,3873,2024-10-29 17:30:59,500,completed
1861,4881,2024-10-21 00:52:09,1000,completed
1862,593,2024-06-21 17:21:00,200,pending
1863,4993,2025-01-04 14:34:10,1000,completed
1864,483,2024-06-13 16:05:12,200,completed
1865,4208,2024-09-03 11:14:36,500,pending
1866,4984,2024-08-12 08:18:58,100,completed
1867,2969,2024-11-30 02:10:09,100,failed
1868,4135,2024-11-10 07:08:22,1000,completed
1869,818,2024-05-23 07:30:31,200,completed
1870,2484,2024-11-08 06:12:07,50,completed
1871,2537,2024-10-18 21:38:59,200,completed
1872,4465,2024-09-08 09:20:25,1000,completed
1873,2573,2024-09-23 12:55:49,500,completed
1874,3646,2024-07-05 06:32:36,100,completed
1875,1094,2024-03-02 10:44:36,50,failed
1876,732,2024-01-29 04:53:54,1000,completed
1877,1419,2025-01-24 20:57:31,1000,completed
1878,4985,2024-06-19 09:02:44,1000,completed
1879,1394,2024-06-12 00:49:34,1000,pending
1880,3272,2024-04-08 04:39:36,50,completed
1881,1898,2024-09-18 17:50:26,500,completed
1882,3940,2024-11-12 11:47:30,1000,failed
1883,1406,2024-11-17 00:56:56,50,completed
1884,3844,2024-08-14 05:39:52,200,pending
1885,2956,2025-01-24 10:14:34,50,completed
1886,987,2024-12-15 20:58:47,50,completed
1887,4195,2024-11-21 22:59:03,100,completed
1888,2278,2025-01-11 22:46:00,500,completed
1889,2408,2024-01-01 18:53:22,2000,completed
1890,4825,2024-07-23 08:31:50,1000,completed
1891,364,2024-11-26 10:39:58,2000,completed
1892,1711,2024-09-08 23:24:08,50,failed
1893,220,2025-01-07 02:42:43,500,completed
1894,2536,2024-11-09 22:58:52,2000,pending
1895,978,2025-01-16 08:00:14,100,completed
1896,2803,2024-11-23 15:58:49,2000,completed
1897,4482,2024-10-03 13:16:48,500,completed
1898,2541,2024-10-23 14:07:08,2000,pending
1899,4924,2024-08-22 20:19:07,500,completed
1900,3874,2024-06-18 10:21:01,500,completed
1901,4572,2024-07-03 23:26:13,1000,completed
1902,3950,2024-08-01 21:10:26,50,completed
1903,3045,2024-03-01 19:47:16,50,completed
1904,1559,2024-03-08 08:07:06,2000,completed
1905,235,2024-01-23 12:27:11,2000,completed
1906,108,2024-03-01 21:22:30,50,completed
1907,1581,2024-03-30 11:05:27,100,completed
1908,4901,2024-07-05 05:30:01,500,failed
1909,4494,2023-12-25 09:10:53,1000,completed
1910,1155,2024-05-22 12:54:17,2000,failed
1911,1121,2024-10-26 16:43:33,1000,completed
1912,152,2024-09-17 23:47:12,50,completed
1913,691,2024-07-10 12:54:59,50,completed
1914,3722,2024-12-28 08:02:37,2000,completed
1915,11,2024-12-17 08:06:46,50,completed
1916,4783,2023-12-28 22:38:24,100,completed
1917,374,2024-11-02 18:39:46,500,completed
1918,724,2025-01-02 10:05:04,1000,completed
1919,2159,2024-02-20 09:39:02,50,pending
1920,49,2024-10-14 16:57:14,100,completed
1921,3242,2024-11-12 06:14:55,500,completed
1922,3679,2025-01-13 10:17:30,50,completed
1923,1688,2024-06-05 17:56:14,2000,completed
1924,3452,2024-04-12 21:46:06,500,completed
1925,4365,2024-08-30 07:20:30,200,completed
1926,4814,2024-05-05 01:26:42,50,completed
1927,4577,2024-05-01 16:11:54,2000,completed
1928,2427,2024-04-15 15:35:57,200,completed
1929,2479,2024-09-26 03:09:28,1000,completed
1930,2132,2024-09-01 09:44:04,500,completed
1931,856,2024-08-21 17:12:49,100,pending
1932,4891,2024-02-28 06:11:43,2000,completed
1933,4671,2024-08-18 06:43:55,500,completed
1934,2689,2024-11-21 23:14:47,200,completed
1935,2107,2024-10-21 07:51:32,200,completed
1936,3303,2024-10-04 01:26:18,100,completed
1937,4160,2024-01-22 23:03:53,500,completed
1938,2275,2024-10-06 20:53:18,100,completed
1939,4152,2024-09-27 10:50:01,50,completed
1940,906,2025-01-28 04:17:34,2000,completed
1941,4567,2024-10-13 12:58:10,500,completed
1942,4896,2024-07-21 18:36:14,50,pending
1943,2775,2024-03-14 17:18:41,2000,failed
1944,3469,2025-01-18 00:10:13,1000,completed
1945,1470,2023-12-04 19:25:30,500,completed
1946,2666,2024-02-23 14:19:01,500,completed
1947,805,2024-10-24 11:34:04,500,completed
1948,1088,2024-08-11 16:11:31,100,completed
1949,3969,2024-11-02 08:24:23,200,completed
1950,3118,2024-08-13 19:02:39,500,completed
1951,4241,2024-08-10 22:15:33,500,failed
1952,2053,2024-10-25 16:54:10,1000,completed
1953,1006,2024-04-05 13:43:18,1000,pending
1954,4935,2024-02-15 09:16:46,500,completed
1955,3755,2024-06-12 07:06:00,500,pending
1956,3944,2024-12-25 07:51:14,100,completed
1957,1347,2025-01-30 03:59:40,500,completed
1958,3310,2024-09-26 05:40:38,500,completed
1959,1007,2024-09-03 20:10:02,2000,completed
1960,2296,2024-11-16 19:10:26,200,completed
1961,371,2024-07-17 20:05:28,100,completed
1962,2935,2024-07-27 17:35:26,1000,completed
1963,1739,2025-01-19 11:11:17,50,pending
1964,1819,2024-08-23 03:24:46,1000,failed
1965,3548,2024-04-13 14:16:48,200,completed
1966,4567,2023-12-19 02:06:30,200,completed
1967,1059,2024-09-17 20:36:31,100,pending
1968,4318,2024-08-13 07:08:47,2000,completed
1969,1372,2024-05-13 03:36:24,100,completed
1970,3815,2024-08-09 20:32:51,50,completed
1971,1470,2024-01-20 20:09:28,200,completed
1972,3125,2024-07-18 19:57:02,500,completed
1973,1213,2024-07-18 18:29:26,2000,completed
1974,4339,2024-12-11 20:53:34,2000,completed
1975,4645,2024-12-18 08:43:50,200,completed
1976,799,2025-01-15 15:18:30,2000,completed
1977,4584,2024-09-14 16:58:51,1000,failed
1978,425,2024-10-23 11:24:40,50,completed
1979,2062,2024-11-26 11:59:44,1000,pending
1980,891,2024-10-20 22:16:53,1000,completed
1981,239,2024-07-28 11:46:46,1000,failed
1982,4159,2024-07-28 16:04:26,1000,completed
1983,1690,2024-08-10 18:26:23,100,completed
1984,4179,2024-10-24 15:56:26,100,completed
1985,3600,2024-12-24 19:56:53,2000,
1986,2911,2024-10-01 15:18:08,200,completed
1987,1097,2024-10-17 00:45:45,200,pending
1988,4839,2024-04-30 10:27:55,50,completed
1989,534,2024-07-25 21:12:58,500,completed
1990,138,2024-07-10 02:30:59,500,pending
1991,1835,2024-10-15 07:08:42,100,completed
1992,2914,2024-07-29 09:34:10,2000,completed
1993,2442,2024-12-02 21:17:09,1000,completed
1994,3918,2024-11-30 02:15:30,1000,completed
1995,3389,2024-11-15 21:07:16,2000,completed
1996,1364,2024-10-24 13:03:18,200,pending
1997,576,2024-06-17 15:44:48,1000,completed
1998,77,2024-03-17 08:30:00,200,completed
1999,4338,2024-10-06 05:22:15,500,completed
2000,3450,2025-01-05 10:51:06,200,completed
